Command line invocation:
    /Applications/Xcode.app/Contents/Developer/usr/bin/xcodebuild -project Group5_RSMS.xcodeproj -scheme Group5_RSMS -destination "platform=iOS Simulator,name=iPhone 17" build

Resolve Package Graph


Resolved source packages:
  Supabase: https://github.com/supabase/supabase-swift.git @ 2.43.1
  swift-clocks: https://github.com/pointfreeco/swift-clocks @ 1.0.6
  swift-concurrency-extras: https://github.com/pointfreeco/swift-concurrency-extras @ 1.3.2
  swift-http-types: https://github.com/apple/swift-http-types.git @ 1.5.1
  xctest-dynamic-overlay: https://github.com/pointfreeco/xctest-dynamic-overlay @ 1.9.0
  swift-asn1: https://github.com/apple/swift-asn1.git @ 1.6.0
  swift-crypto: https://github.com/apple/swift-crypto.git @ 4.3.1

2026-04-21 19:29:58.876 xcodebuild[3546:75324] [MT] IDERunDestination: Supported platforms for the buildables in the current scheme is empty.
ComputePackagePrebuildTargetDependencyGraph

Prepare packages

CreateBuildRequest

SendProjectDescription

CreateBuildOperation

ComputeTargetDependencyGraph
note: Building targets in dependency order
note: Target dependency graph (28 targets)
    Target 'Group5_RSMS' in project 'Group5_RSMS'
        ➜ Explicit dependency on target 'PostgREST' in project 'Supabase'
        ➜ Explicit dependency on target 'Functions' in project 'Supabase'
        ➜ Explicit dependency on target 'Supabase' in project 'Supabase'
        ➜ Explicit dependency on target 'Auth' in project 'Supabase'
        ➜ Explicit dependency on target 'Storage' in project 'Supabase'
        ➜ Explicit dependency on target 'Realtime' in project 'Supabase'
    Target 'Realtime' in project 'Supabase'
        ➜ Explicit dependency on target 'Realtime' in project 'Supabase'
        ➜ Explicit dependency on target 'Helpers' in project 'Supabase'
        ➜ Explicit dependency on target 'ConcurrencyExtras' in project 'swift-concurrency-extras'
        ➜ Explicit dependency on target 'HTTPTypes' in project 'swift-http-types'
        ➜ Explicit dependency on target 'Clocks' in project 'swift-clocks'
        ➜ Explicit dependency on target 'XCTestDynamicOverlay' in project 'xctest-dynamic-overlay'
        ➜ Explicit dependency on target 'IssueReporting' in project 'xctest-dynamic-overlay'
    Target 'Storage' in project 'Supabase'
        ➜ Explicit dependency on target 'Storage' in project 'Supabase'
        ➜ Explicit dependency on target 'Helpers' in project 'Supabase'
        ➜ Explicit dependency on target 'ConcurrencyExtras' in project 'swift-concurrency-extras'
        ➜ Explicit dependency on target 'HTTPTypes' in project 'swift-http-types'
        ➜ Explicit dependency on target 'Clocks' in project 'swift-clocks'
        ➜ Explicit dependency on target 'XCTestDynamicOverlay' in project 'xctest-dynamic-overlay'
    Target 'Auth' in project 'Supabase'
        ➜ Explicit dependency on target 'Auth' in project 'Supabase'
        ➜ Explicit dependency on target 'Helpers' in project 'Supabase'
        ➜ Explicit dependency on target 'ConcurrencyExtras' in project 'swift-concurrency-extras'
        ➜ Explicit dependency on target 'HTTPTypes' in project 'swift-http-types'
        ➜ Explicit dependency on target 'Clocks' in project 'swift-clocks'
        ➜ Explicit dependency on target 'XCTestDynamicOverlay' in project 'xctest-dynamic-overlay'
        ➜ Explicit dependency on target 'Crypto' in project 'swift-crypto'
    Target 'Supabase' in project 'Supabase'
        ➜ Explicit dependency on target 'Supabase' in project 'Supabase'
        ➜ Explicit dependency on target 'Functions' in project 'Supabase'
        ➜ Explicit dependency on target 'PostgREST' in project 'Supabase'
        ➜ Explicit dependency on target 'Auth' in project 'Supabase'
        ➜ Explicit dependency on target 'Realtime' in project 'Supabase'
        ➜ Explicit dependency on target 'Storage' in project 'Supabase'
        ➜ Explicit dependency on target 'Helpers' in project 'Supabase'
        ➜ Explicit dependency on target 'ConcurrencyExtras' in project 'swift-concurrency-extras'
        ➜ Explicit dependency on target 'HTTPTypes' in project 'swift-http-types'
        ➜ Explicit dependency on target 'Clocks' in project 'swift-clocks'
        ➜ Explicit dependency on target 'XCTestDynamicOverlay' in project 'xctest-dynamic-overlay'
        ➜ Explicit dependency on target 'Crypto' in project 'swift-crypto'
        ➜ Explicit dependency on target 'IssueReporting' in project 'xctest-dynamic-overlay'
    Target 'Supabase' in project 'Supabase'
        ➜ Explicit dependency on target 'Helpers' in project 'Supabase'
        ➜ Explicit dependency on target 'Auth' in project 'Supabase'
        ➜ Explicit dependency on target 'Functions' in project 'Supabase'
        ➜ Explicit dependency on target 'PostgREST' in project 'Supabase'
        ➜ Explicit dependency on target 'Realtime' in project 'Supabase'
        ➜ Explicit dependency on target 'Storage' in project 'Supabase'
        ➜ Explicit dependency on target 'ConcurrencyExtras' in project 'swift-concurrency-extras'
        ➜ Explicit dependency on target 'HTTPTypes' in project 'swift-http-types'
        ➜ Explicit dependency on target 'Clocks' in project 'swift-clocks'
        ➜ Explicit dependency on target 'XCTestDynamicOverlay' in project 'xctest-dynamic-overlay'
        ➜ Explicit dependency on target 'Crypto' in project 'swift-crypto'
        ➜ Explicit dependency on target 'IssueReporting' in project 'xctest-dynamic-overlay'
    Target 'Storage' in project 'Supabase'
        ➜ Explicit dependency on target 'Helpers' in project 'Supabase'
        ➜ Explicit dependency on target 'ConcurrencyExtras' in project 'swift-concurrency-extras'
        ➜ Explicit dependency on target 'HTTPTypes' in project 'swift-http-types'
        ➜ Explicit dependency on target 'Clocks' in project 'swift-clocks'
        ➜ Explicit dependency on target 'XCTestDynamicOverlay' in project 'xctest-dynamic-overlay'
    Target 'Realtime' in project 'Supabase'
        ➜ Explicit dependency on target 'Helpers' in project 'Supabase'
        ➜ Explicit dependency on target 'ConcurrencyExtras' in project 'swift-concurrency-extras'
        ➜ Explicit dependency on target 'HTTPTypes' in project 'swift-http-types'
        ➜ Explicit dependency on target 'Clocks' in project 'swift-clocks'
        ➜ Explicit dependency on target 'XCTestDynamicOverlay' in project 'xctest-dynamic-overlay'
        ➜ Explicit dependency on target 'IssueReporting' in project 'xctest-dynamic-overlay'
    Target 'Auth' in project 'Supabase'
        ➜ Explicit dependency on target 'Helpers' in project 'Supabase'
        ➜ Explicit dependency on target 'ConcurrencyExtras' in project 'swift-concurrency-extras'
        ➜ Explicit dependency on target 'HTTPTypes' in project 'swift-http-types'
        ➜ Explicit dependency on target 'Clocks' in project 'swift-clocks'
        ➜ Explicit dependency on target 'XCTestDynamicOverlay' in project 'xctest-dynamic-overlay'
        ➜ Explicit dependency on target 'Crypto' in project 'swift-crypto'
    Target 'Crypto' in project 'swift-crypto'
        ➜ Explicit dependency on target 'Crypto' in project 'swift-crypto'
        ➜ Explicit dependency on target 'swift-crypto_Crypto' in project 'swift-crypto'
    Target 'Crypto' in project 'swift-crypto'
        ➜ Explicit dependency on target 'swift-crypto_Crypto' in project 'swift-crypto'
    Target 'swift-crypto_Crypto' in project 'swift-crypto' (no dependencies)
    Target 'Functions' in project 'Supabase'
        ➜ Explicit dependency on target 'Functions' in project 'Supabase'
        ➜ Explicit dependency on target 'Helpers' in project 'Supabase'
        ➜ Explicit dependency on target 'ConcurrencyExtras' in project 'swift-concurrency-extras'
        ➜ Explicit dependency on target 'HTTPTypes' in project 'swift-http-types'
        ➜ Explicit dependency on target 'Clocks' in project 'swift-clocks'
        ➜ Explicit dependency on target 'XCTestDynamicOverlay' in project 'xctest-dynamic-overlay'
    Target 'Functions' in project 'Supabase'
        ➜ Explicit dependency on target 'Helpers' in project 'Supabase'
        ➜ Explicit dependency on target 'ConcurrencyExtras' in project 'swift-concurrency-extras'
        ➜ Explicit dependency on target 'HTTPTypes' in project 'swift-http-types'
        ➜ Explicit dependency on target 'Clocks' in project 'swift-clocks'
        ➜ Explicit dependency on target 'XCTestDynamicOverlay' in project 'xctest-dynamic-overlay'
    Target 'PostgREST' in project 'Supabase'
        ➜ Explicit dependency on target 'PostgREST' in project 'Supabase'
        ➜ Explicit dependency on target 'Helpers' in project 'Supabase'
        ➜ Explicit dependency on target 'ConcurrencyExtras' in project 'swift-concurrency-extras'
        ➜ Explicit dependency on target 'HTTPTypes' in project 'swift-http-types'
        ➜ Explicit dependency on target 'Clocks' in project 'swift-clocks'
        ➜ Explicit dependency on target 'XCTestDynamicOverlay' in project 'xctest-dynamic-overlay'
    Target 'PostgREST' in project 'Supabase'
        ➜ Explicit dependency on target 'Helpers' in project 'Supabase'
        ➜ Explicit dependency on target 'ConcurrencyExtras' in project 'swift-concurrency-extras'
        ➜ Explicit dependency on target 'HTTPTypes' in project 'swift-http-types'
        ➜ Explicit dependency on target 'Clocks' in project 'swift-clocks'
        ➜ Explicit dependency on target 'XCTestDynamicOverlay' in project 'xctest-dynamic-overlay'
    Target 'Helpers' in project 'Supabase'
        ➜ Explicit dependency on target 'ConcurrencyExtras' in project 'swift-concurrency-extras'
        ➜ Explicit dependency on target 'HTTPTypes' in project 'swift-http-types'
        ➜ Explicit dependency on target 'Clocks' in project 'swift-clocks'
        ➜ Explicit dependency on target 'XCTestDynamicOverlay' in project 'xctest-dynamic-overlay'
    Target 'XCTestDynamicOverlay' in project 'xctest-dynamic-overlay'
        ➜ Explicit dependency on target 'XCTestDynamicOverlay' in project 'xctest-dynamic-overlay'
        ➜ Explicit dependency on target 'IssueReportingPackageSupport' in project 'xctest-dynamic-overlay'
        ➜ Explicit dependency on target 'IssueReporting' in project 'xctest-dynamic-overlay'
    Target 'XCTestDynamicOverlay' in project 'xctest-dynamic-overlay'
        ➜ Explicit dependency on target 'IssueReportingPackageSupport' in project 'xctest-dynamic-overlay'
        ➜ Explicit dependency on target 'IssueReporting' in project 'xctest-dynamic-overlay'
    Target 'Clocks' in project 'swift-clocks'
        ➜ Explicit dependency on target 'Clocks' in project 'swift-clocks'
        ➜ Explicit dependency on target 'ConcurrencyExtras' in project 'swift-concurrency-extras'
        ➜ Explicit dependency on target 'IssueReporting' in project 'xctest-dynamic-overlay'
    Target 'Clocks' in project 'swift-clocks'
        ➜ Explicit dependency on target 'ConcurrencyExtras' in project 'swift-concurrency-extras'
        ➜ Explicit dependency on target 'IssueReporting' in project 'xctest-dynamic-overlay'
    Target 'IssueReporting' in project 'xctest-dynamic-overlay'
        ➜ Explicit dependency on target 'IssueReporting' in project 'xctest-dynamic-overlay'
        ➜ Explicit dependency on target 'IssueReportingPackageSupport' in project 'xctest-dynamic-overlay'
    Target 'IssueReporting' in project 'xctest-dynamic-overlay'
        ➜ Explicit dependency on target 'IssueReportingPackageSupport' in project 'xctest-dynamic-overlay'
    Target 'IssueReportingPackageSupport' in project 'xctest-dynamic-overlay' (no dependencies)
    Target 'HTTPTypes' in project 'swift-http-types'
        ➜ Explicit dependency on target 'HTTPTypes' in project 'swift-http-types'
    Target 'HTTPTypes' in project 'swift-http-types' (no dependencies)
    Target 'ConcurrencyExtras' in project 'swift-concurrency-extras'
        ➜ Explicit dependency on target 'ConcurrencyExtras' in project 'swift-concurrency-extras'
    Target 'ConcurrencyExtras' in project 'swift-concurrency-extras' (no dependencies)

GatherProvisioningInputs

CreateBuildDescription

ExecuteExternalTool /Applications/Xcode.app/Contents/Developer/Toolchains/XcodeDefault.xctoolchain/usr/bin/swiftc --version

ExecuteExternalTool /Applications/Xcode.app/Contents/Developer/Toolchains/XcodeDefault.xctoolchain/usr/bin/clang -v -E -dM -isysroot /Applications/Xcode.app/Contents/Developer/Platforms/iPhoneSimulator.platform/Developer/SDKs/iPhoneSimulator26.2.sdk -x c -c /dev/null

ExecuteExternalTool /Applications/Xcode.app/Contents/Developer/usr/bin/actool --print-asset-tag-combinations --output-format xml1 /Users/admin/Desktop/Group5_RSMS/Group5_RSMS/Assets.xcassets

ExecuteExternalTool /Applications/Xcode.app/Contents/Developer/usr/bin/actool --version --output-format xml1

ExecuteExternalTool /Applications/Xcode.app/Contents/Developer/Toolchains/XcodeDefault.xctoolchain/usr/bin/ld -version_details

ReadFileContents /Applications/Xcode.app/Contents/Developer/Toolchains/XcodeDefault.xctoolchain/usr/share/docc/features.json

Build description signature: fa292d1742a0ad747dfe0c57d3e316ea
Build description path: /Users/admin/Library/Developer/Xcode/DerivedData/Group5_RSMS-gzhkuyguosdrpxgudpxvpflcphck/Build/Intermediates.noindex/XCBuildData/fa292d1742a0ad747dfe0c57d3e316ea.xcbuilddata
ClangStatCache /Applications/Xcode.app/Contents/Developer/Toolchains/XcodeDefault.xctoolchain/usr/bin/clang-stat-cache /Applications/Xcode.app/Contents/Developer/Platforms/iPhoneSimulator.platform/Developer/SDKs/iPhoneSimulator26.2.sdk /Users/admin/Library/Developer/Xcode/DerivedData/SDKStatCaches.noindex/iphonesimulator26.2-23C57-7d00a8b37fbd7999ea79df8ebc024bf0.sdkstatcache
    cd /Users/admin/Desktop/Group5_RSMS/Group5_RSMS.xcodeproj
    /Applications/Xcode.app/Contents/Developer/Toolchains/XcodeDefault.xctoolchain/usr/bin/clang-stat-cache /Applications/Xcode.app/Contents/Developer/Platforms/iPhoneSimulator.platform/Developer/SDKs/iPhoneSimulator26.2.sdk -o /Users/admin/Library/Developer/Xcode/DerivedData/SDKStatCaches.noindex/iphonesimulator26.2-23C57-7d00a8b37fbd7999ea79df8ebc024bf0.sdkstatcache

Ld /Users/admin/Library/Developer/Xcode/DerivedData/Group5_RSMS-gzhkuyguosdrpxgudpxvpflcphck/Build/Products/Debug-iphonesimulator/ConcurrencyExtras.o normal (in target 'ConcurrencyExtras' from project 'swift-concurrency-extras')
    cd /Users/admin/Library/Developer/Xcode/DerivedData/Group5_RSMS-gzhkuyguosdrpxgudpxvpflcphck/SourcePackages/checkouts/swift-concurrency-extras
    /Applications/Xcode.app/Contents/Developer/Toolchains/XcodeDefault.xctoolchain/usr/bin/clang -Xlinker -reproducible -target arm64-apple-ios13.0-simulator -r -isysroot /Applications/Xcode.app/Contents/Developer/Platforms/iPhoneSimulator.platform/Developer/SDKs/iPhoneSimulator26.2.sdk -O0 -w -L/Users/admin/Library/Developer/Xcode/DerivedData/Group5_RSMS-gzhkuyguosdrpxgudpxvpflcphck/Build/Intermediates.noindex/EagerLinkingTBDs/Debug-iphonesimulator -L/Users/admin/Library/Developer/Xcode/DerivedData/Group5_RSMS-gzhkuyguosdrpxgudpxvpflcphck/Build/Products/Debug-iphonesimulator -L/Applications/Xcode.app/Contents/Developer/Platforms/iPhoneSimulator.platform/Developer/usr/lib -F/Users/admin/Library/Developer/Xcode/DerivedData/Group5_RSMS-gzhkuyguosdrpxgudpxvpflcphck/Build/Intermediates.noindex/EagerLinkingTBDs/Debug-iphonesimulator -F/Users/admin/Library/Developer/Xcode/DerivedData/Group5_RSMS-gzhkuyguosdrpxgudpxvpflcphck/Build/Products/Debug-iphonesimulator -iframework /Applications/Xcode.app/Contents/Developer/Platforms/iPhoneSimulator.platform/Developer/Library/Frameworks -iframework /Applications/Xcode.app/Contents/Developer/Platforms/iPhoneSimulator.platform/Developer/SDKs/iPhoneSimulator26.2.sdk/Developer/Library/Frameworks -filelist /Users/admin/Library/Developer/Xcode/DerivedData/Group5_RSMS-gzhkuyguosdrpxgudpxvpflcphck/Build/Intermediates.noindex/swift-concurrency-extras.build/Debug-iphonesimulator/ConcurrencyExtras.build/Objects-normal/arm64/ConcurrencyExtras.LinkFileList -nostdlib -Xlinker -object_path_lto -Xlinker /Users/admin/Library/Developer/Xcode/DerivedData/Group5_RSMS-gzhkuyguosdrpxgudpxvpflcphck/Build/Intermediates.noindex/swift-concurrency-extras.build/Debug-iphonesimulator/ConcurrencyExtras.build/Objects-normal/arm64/ConcurrencyExtras_lto.o -rdynamic -Xlinker -no_deduplicate -Xlinker -objc_abi_version -Xlinker 2 -Xlinker -dependency_info -Xlinker /Users/admin/Library/Developer/Xcode/DerivedData/Group5_RSMS-gzhkuyguosdrpxgudpxvpflcphck/Build/Intermediates.noindex/swift-concurrency-extras.build/Debug-iphonesimulator/ConcurrencyExtras.build/Objects-normal/arm64/ConcurrencyExtras_dependency_info.dat -fobjc-link-runtime -L/Applications/Xcode.app/Contents/Developer/Toolchains/XcodeDefault.xctoolchain/usr/lib/swift/iphonesimulator -L/usr/lib/swift -Xlinker -add_ast_path -Xlinker /Users/admin/Library/Developer/Xcode/DerivedData/Group5_RSMS-gzhkuyguosdrpxgudpxvpflcphck/Build/Intermediates.noindex/swift-concurrency-extras.build/Debug-iphonesimulator/ConcurrencyExtras.build/Objects-normal/arm64/ConcurrencyExtras.swiftmodule @/Users/admin/Library/Developer/Xcode/DerivedData/Group5_RSMS-gzhkuyguosdrpxgudpxvpflcphck/Build/Intermediates.noindex/swift-concurrency-extras.build/Debug-iphonesimulator/ConcurrencyExtras.build/Objects-normal/arm64/ConcurrencyExtras-linker-args.resp -o /Users/admin/Library/Developer/Xcode/DerivedData/Group5_RSMS-gzhkuyguosdrpxgudpxvpflcphck/Build/Products/Debug-iphonesimulator/ConcurrencyExtras.o

ExtractAppIntentsMetadata (in target 'ConcurrencyExtras' from project 'swift-concurrency-extras')
    cd /Users/admin/Library/Developer/Xcode/DerivedData/Group5_RSMS-gzhkuyguosdrpxgudpxvpflcphck/SourcePackages/checkouts/swift-concurrency-extras
    /Applications/Xcode.app/Contents/Developer/Toolchains/XcodeDefault.xctoolchain/usr/bin/appintentsmetadataprocessor --toolchain-dir /Applications/Xcode.app/Contents/Developer/Toolchains/XcodeDefault.xctoolchain --module-name ConcurrencyExtras --sdk-root /Applications/Xcode.app/Contents/Developer/Platforms/iPhoneSimulator.platform/Developer/SDKs/iPhoneSimulator26.2.sdk --xcode-version 17C529 --platform-family iOS --deployment-target 13.0 --bundle-identifier swift-concurrency-extras.ConcurrencyExtras --output /Users/admin/Library/Developer/Xcode/DerivedData/Group5_RSMS-gzhkuyguosdrpxgudpxvpflcphck/Build/Products/Debug-iphonesimulator/ConcurrencyExtras.appintents --target-triple arm64-apple-ios13.0-simulator --binary-file /Users/admin/Library/Developer/Xcode/DerivedData/Group5_RSMS-gzhkuyguosdrpxgudpxvpflcphck/Build/Products/Debug-iphonesimulator/ConcurrencyExtras.o --dependency-file /Users/admin/Library/Developer/Xcode/DerivedData/Group5_RSMS-gzhkuyguosdrpxgudpxvpflcphck/Build/Intermediates.noindex/swift-concurrency-extras.build/Debug-iphonesimulator/ConcurrencyExtras.build/Objects-normal/arm64/ConcurrencyExtras_dependency_info.dat --stringsdata-file /Users/admin/Library/Developer/Xcode/DerivedData/Group5_RSMS-gzhkuyguosdrpxgudpxvpflcphck/Build/Intermediates.noindex/swift-concurrency-extras.build/Debug-iphonesimulator/ConcurrencyExtras.build/Objects-normal/arm64/ExtractedAppShortcutsMetadata.stringsdata --source-file-list /Users/admin/Library/Developer/Xcode/DerivedData/Group5_RSMS-gzhkuyguosdrpxgudpxvpflcphck/Build/Intermediates.noindex/swift-concurrency-extras.build/Debug-iphonesimulator/ConcurrencyExtras.build/Objects-normal/arm64/ConcurrencyExtras.SwiftFileList --metadata-file-list /Users/admin/Library/Developer/Xcode/DerivedData/Group5_RSMS-gzhkuyguosdrpxgudpxvpflcphck/Build/Intermediates.noindex/swift-concurrency-extras.build/Debug-iphonesimulator/ConcurrencyExtras.build/ConcurrencyExtras.DependencyMetadataFileList --static-metadata-file-list /Users/admin/Library/Developer/Xcode/DerivedData/Group5_RSMS-gzhkuyguosdrpxgudpxvpflcphck/Build/Intermediates.noindex/swift-concurrency-extras.build/Debug-iphonesimulator/ConcurrencyExtras.build/ConcurrencyExtras.DependencyStaticMetadataFileList --swift-const-vals-list /Users/admin/Library/Developer/Xcode/DerivedData/Group5_RSMS-gzhkuyguosdrpxgudpxvpflcphck/Build/Intermediates.noindex/swift-concurrency-extras.build/Debug-iphonesimulator/ConcurrencyExtras.build/Objects-normal/arm64/ConcurrencyExtras.SwiftConstValuesFileList --force --compile-time-extraction --deployment-aware-processing --validate-assistant-intents --no-app-shortcuts-localization
2026-04-21 19:30:00.242 appintentsmetadataprocessor[3589:75557] Starting appintentsmetadataprocessor export
2026-04-21 19:30:00.339 appintentsmetadataprocessor[3589:75557] Extracted no relevant App Intents symbols, skipping writing output

RegisterExecutionPolicyException /Users/admin/Library/Developer/Xcode/DerivedData/Group5_RSMS-gzhkuyguosdrpxgudpxvpflcphck/Build/Products/Debug-iphonesimulator/ConcurrencyExtras.o (in target 'ConcurrencyExtras' from project 'swift-concurrency-extras')
    cd /Users/admin/Library/Developer/Xcode/DerivedData/Group5_RSMS-gzhkuyguosdrpxgudpxvpflcphck/SourcePackages/checkouts/swift-concurrency-extras
    builtin-RegisterExecutionPolicyException /Users/admin/Library/Developer/Xcode/DerivedData/Group5_RSMS-gzhkuyguosdrpxgudpxvpflcphck/Build/Products/Debug-iphonesimulator/ConcurrencyExtras.o

Ld /Users/admin/Library/Developer/Xcode/DerivedData/Group5_RSMS-gzhkuyguosdrpxgudpxvpflcphck/Build/Products/Debug-iphonesimulator/HTTPTypes.o normal (in target 'HTTPTypes' from project 'swift-http-types')
    cd /Users/admin/Library/Developer/Xcode/DerivedData/Group5_RSMS-gzhkuyguosdrpxgudpxvpflcphck/SourcePackages/checkouts/swift-http-types
    /Applications/Xcode.app/Contents/Developer/Toolchains/XcodeDefault.xctoolchain/usr/bin/clang -Xlinker -reproducible -target arm64-apple-ios12.0-simulator -r -isysroot /Applications/Xcode.app/Contents/Developer/Platforms/iPhoneSimulator.platform/Developer/SDKs/iPhoneSimulator26.2.sdk -O0 -w -L/Users/admin/Library/Developer/Xcode/DerivedData/Group5_RSMS-gzhkuyguosdrpxgudpxvpflcphck/Build/Intermediates.noindex/EagerLinkingTBDs/Debug-iphonesimulator -L/Users/admin/Library/Developer/Xcode/DerivedData/Group5_RSMS-gzhkuyguosdrpxgudpxvpflcphck/Build/Products/Debug-iphonesimulator -L/Applications/Xcode.app/Contents/Developer/Platforms/iPhoneSimulator.platform/Developer/usr/lib -F/Users/admin/Library/Developer/Xcode/DerivedData/Group5_RSMS-gzhkuyguosdrpxgudpxvpflcphck/Build/Intermediates.noindex/EagerLinkingTBDs/Debug-iphonesimulator -F/Users/admin/Library/Developer/Xcode/DerivedData/Group5_RSMS-gzhkuyguosdrpxgudpxvpflcphck/Build/Products/Debug-iphonesimulator -iframework /Applications/Xcode.app/Contents/Developer/Platforms/iPhoneSimulator.platform/Developer/Library/Frameworks -iframework /Applications/Xcode.app/Contents/Developer/Platforms/iPhoneSimulator.platform/Developer/SDKs/iPhoneSimulator26.2.sdk/Developer/Library/Frameworks -filelist /Users/admin/Library/Developer/Xcode/DerivedData/Group5_RSMS-gzhkuyguosdrpxgudpxvpflcphck/Build/Intermediates.noindex/swift-http-types.build/Debug-iphonesimulator/HTTPTypes.build/Objects-normal/arm64/HTTPTypes.LinkFileList -nostdlib -Xlinker -object_path_lto -Xlinker /Users/admin/Library/Developer/Xcode/DerivedData/Group5_RSMS-gzhkuyguosdrpxgudpxvpflcphck/Build/Intermediates.noindex/swift-http-types.build/Debug-iphonesimulator/HTTPTypes.build/Objects-normal/arm64/HTTPTypes_lto.o -rdynamic -Xlinker -no_deduplicate -Xlinker -objc_abi_version -Xlinker 2 -Xlinker -dependency_info -Xlinker /Users/admin/Library/Developer/Xcode/DerivedData/Group5_RSMS-gzhkuyguosdrpxgudpxvpflcphck/Build/Intermediates.noindex/swift-http-types.build/Debug-iphonesimulator/HTTPTypes.build/Objects-normal/arm64/HTTPTypes_dependency_info.dat -fobjc-link-runtime -L/Applications/Xcode.app/Contents/Developer/Toolchains/XcodeDefault.xctoolchain/usr/lib/swift/iphonesimulator -L/usr/lib/swift -Xlinker -add_ast_path -Xlinker /Users/admin/Library/Developer/Xcode/DerivedData/Group5_RSMS-gzhkuyguosdrpxgudpxvpflcphck/Build/Intermediates.noindex/swift-http-types.build/Debug-iphonesimulator/HTTPTypes.build/Objects-normal/arm64/HTTPTypes.swiftmodule @/Users/admin/Library/Developer/Xcode/DerivedData/Group5_RSMS-gzhkuyguosdrpxgudpxvpflcphck/Build/Intermediates.noindex/swift-http-types.build/Debug-iphonesimulator/HTTPTypes.build/Objects-normal/arm64/HTTPTypes-linker-args.resp -o /Users/admin/Library/Developer/Xcode/DerivedData/Group5_RSMS-gzhkuyguosdrpxgudpxvpflcphck/Build/Products/Debug-iphonesimulator/HTTPTypes.o

ExtractAppIntentsMetadata (in target 'HTTPTypes' from project 'swift-http-types')
    cd /Users/admin/Library/Developer/Xcode/DerivedData/Group5_RSMS-gzhkuyguosdrpxgudpxvpflcphck/SourcePackages/checkouts/swift-http-types
    /Applications/Xcode.app/Contents/Developer/Toolchains/XcodeDefault.xctoolchain/usr/bin/appintentsmetadataprocessor --toolchain-dir /Applications/Xcode.app/Contents/Developer/Toolchains/XcodeDefault.xctoolchain --module-name HTTPTypes --sdk-root /Applications/Xcode.app/Contents/Developer/Platforms/iPhoneSimulator.platform/Developer/SDKs/iPhoneSimulator26.2.sdk --xcode-version 17C529 --platform-family iOS --deployment-target 12.0 --bundle-identifier swift-http-types.HTTPTypes --output /Users/admin/Library/Developer/Xcode/DerivedData/Group5_RSMS-gzhkuyguosdrpxgudpxvpflcphck/Build/Products/Debug-iphonesimulator/HTTPTypes.appintents --target-triple arm64-apple-ios12.0-simulator --binary-file /Users/admin/Library/Developer/Xcode/DerivedData/Group5_RSMS-gzhkuyguosdrpxgudpxvpflcphck/Build/Products/Debug-iphonesimulator/HTTPTypes.o --dependency-file /Users/admin/Library/Developer/Xcode/DerivedData/Group5_RSMS-gzhkuyguosdrpxgudpxvpflcphck/Build/Intermediates.noindex/swift-http-types.build/Debug-iphonesimulator/HTTPTypes.build/Objects-normal/arm64/HTTPTypes_dependency_info.dat --stringsdata-file /Users/admin/Library/Developer/Xcode/DerivedData/Group5_RSMS-gzhkuyguosdrpxgudpxvpflcphck/Build/Intermediates.noindex/swift-http-types.build/Debug-iphonesimulator/HTTPTypes.build/Objects-normal/arm64/ExtractedAppShortcutsMetadata.stringsdata --source-file-list /Users/admin/Library/Developer/Xcode/DerivedData/Group5_RSMS-gzhkuyguosdrpxgudpxvpflcphck/Build/Intermediates.noindex/swift-http-types.build/Debug-iphonesimulator/HTTPTypes.build/Objects-normal/arm64/HTTPTypes.SwiftFileList --metadata-file-list /Users/admin/Library/Developer/Xcode/DerivedData/Group5_RSMS-gzhkuyguosdrpxgudpxvpflcphck/Build/Intermediates.noindex/swift-http-types.build/Debug-iphonesimulator/HTTPTypes.build/HTTPTypes.DependencyMetadataFileList --static-metadata-file-list /Users/admin/Library/Developer/Xcode/DerivedData/Group5_RSMS-gzhkuyguosdrpxgudpxvpflcphck/Build/Intermediates.noindex/swift-http-types.build/Debug-iphonesimulator/HTTPTypes.build/HTTPTypes.DependencyStaticMetadataFileList --swift-const-vals-list /Users/admin/Library/Developer/Xcode/DerivedData/Group5_RSMS-gzhkuyguosdrpxgudpxvpflcphck/Build/Intermediates.noindex/swift-http-types.build/Debug-iphonesimulator/HTTPTypes.build/Objects-normal/arm64/HTTPTypes.SwiftConstValuesFileList --force --compile-time-extraction --deployment-aware-processing --validate-assistant-intents --no-app-shortcuts-localization
2026-04-21 19:30:00.399 appintentsmetadataprocessor[3592:75575] Starting appintentsmetadataprocessor export
2026-04-21 19:30:00.487 appintentsmetadataprocessor[3592:75575] Extracted no relevant App Intents symbols, skipping writing output

RegisterExecutionPolicyException /Users/admin/Library/Developer/Xcode/DerivedData/Group5_RSMS-gzhkuyguosdrpxgudpxvpflcphck/Build/Products/Debug-iphonesimulator/HTTPTypes.o (in target 'HTTPTypes' from project 'swift-http-types')
    cd /Users/admin/Library/Developer/Xcode/DerivedData/Group5_RSMS-gzhkuyguosdrpxgudpxvpflcphck/SourcePackages/checkouts/swift-http-types
    builtin-RegisterExecutionPolicyException /Users/admin/Library/Developer/Xcode/DerivedData/Group5_RSMS-gzhkuyguosdrpxgudpxvpflcphck/Build/Products/Debug-iphonesimulator/HTTPTypes.o

Ld /Users/admin/Library/Developer/Xcode/DerivedData/Group5_RSMS-gzhkuyguosdrpxgudpxvpflcphck/Build/Products/Debug-iphonesimulator/IssueReportingPackageSupport.o normal (in target 'IssueReportingPackageSupport' from project 'xctest-dynamic-overlay')
    cd /Users/admin/Library/Developer/Xcode/DerivedData/Group5_RSMS-gzhkuyguosdrpxgudpxvpflcphck/SourcePackages/checkouts/xctest-dynamic-overlay
    /Applications/Xcode.app/Contents/Developer/Toolchains/XcodeDefault.xctoolchain/usr/bin/clang -Xlinker -reproducible -target arm64-apple-ios13.0-simulator -r -isysroot /Applications/Xcode.app/Contents/Developer/Platforms/iPhoneSimulator.platform/Developer/SDKs/iPhoneSimulator26.2.sdk -O0 -w -L/Users/admin/Library/Developer/Xcode/DerivedData/Group5_RSMS-gzhkuyguosdrpxgudpxvpflcphck/Build/Intermediates.noindex/EagerLinkingTBDs/Debug-iphonesimulator -L/Users/admin/Library/Developer/Xcode/DerivedData/Group5_RSMS-gzhkuyguosdrpxgudpxvpflcphck/Build/Products/Debug-iphonesimulator -L/Applications/Xcode.app/Contents/Developer/Platforms/iPhoneSimulator.platform/Developer/usr/lib -F/Users/admin/Library/Developer/Xcode/DerivedData/Group5_RSMS-gzhkuyguosdrpxgudpxvpflcphck/Build/Intermediates.noindex/EagerLinkingTBDs/Debug-iphonesimulator -F/Users/admin/Library/Developer/Xcode/DerivedData/Group5_RSMS-gzhkuyguosdrpxgudpxvpflcphck/Build/Products/Debug-iphonesimulator -iframework /Applications/Xcode.app/Contents/Developer/Platforms/iPhoneSimulator.platform/Developer/Library/Frameworks -iframework /Applications/Xcode.app/Contents/Developer/Platforms/iPhoneSimulator.platform/Developer/SDKs/iPhoneSimulator26.2.sdk/Developer/Library/Frameworks -filelist /Users/admin/Library/Developer/Xcode/DerivedData/Group5_RSMS-gzhkuyguosdrpxgudpxvpflcphck/Build/Intermediates.noindex/xctest-dynamic-overlay.build/Debug-iphonesimulator/IssueReportingPackageSupport.build/Objects-normal/arm64/IssueReportingPackageSupport.LinkFileList -nostdlib -Xlinker -object_path_lto -Xlinker /Users/admin/Library/Developer/Xcode/DerivedData/Group5_RSMS-gzhkuyguosdrpxgudpxvpflcphck/Build/Intermediates.noindex/xctest-dynamic-overlay.build/Debug-iphonesimulator/IssueReportingPackageSupport.build/Objects-normal/arm64/IssueReportingPackageSupport_lto.o -rdynamic -Xlinker -no_deduplicate -Xlinker -objc_abi_version -Xlinker 2 -Xlinker -dependency_info -Xlinker /Users/admin/Library/Developer/Xcode/DerivedData/Group5_RSMS-gzhkuyguosdrpxgudpxvpflcphck/Build/Intermediates.noindex/xctest-dynamic-overlay.build/Debug-iphonesimulator/IssueReportingPackageSupport.build/Objects-normal/arm64/IssueReportingPackageSupport_dependency_info.dat -fobjc-link-runtime -L/Applications/Xcode.app/Contents/Developer/Toolchains/XcodeDefault.xctoolchain/usr/lib/swift/iphonesimulator -L/usr/lib/swift -Xlinker -add_ast_path -Xlinker /Users/admin/Library/Developer/Xcode/DerivedData/Group5_RSMS-gzhkuyguosdrpxgudpxvpflcphck/Build/Intermediates.noindex/xctest-dynamic-overlay.build/Debug-iphonesimulator/IssueReportingPackageSupport.build/Objects-normal/arm64/IssueReportingPackageSupport.swiftmodule @/Users/admin/Library/Developer/Xcode/DerivedData/Group5_RSMS-gzhkuyguosdrpxgudpxvpflcphck/Build/Intermediates.noindex/xctest-dynamic-overlay.build/Debug-iphonesimulator/IssueReportingPackageSupport.build/Objects-normal/arm64/IssueReportingPackageSupport-linker-args.resp -o /Users/admin/Library/Developer/Xcode/DerivedData/Group5_RSMS-gzhkuyguosdrpxgudpxvpflcphck/Build/Products/Debug-iphonesimulator/IssueReportingPackageSupport.o

ExtractAppIntentsMetadata (in target 'IssueReportingPackageSupport' from project 'xctest-dynamic-overlay')
    cd /Users/admin/Library/Developer/Xcode/DerivedData/Group5_RSMS-gzhkuyguosdrpxgudpxvpflcphck/SourcePackages/checkouts/xctest-dynamic-overlay
    /Applications/Xcode.app/Contents/Developer/Toolchains/XcodeDefault.xctoolchain/usr/bin/appintentsmetadataprocessor --toolchain-dir /Applications/Xcode.app/Contents/Developer/Toolchains/XcodeDefault.xctoolchain --module-name IssueReportingPackageSupport --sdk-root /Applications/Xcode.app/Contents/Developer/Platforms/iPhoneSimulator.platform/Developer/SDKs/iPhoneSimulator26.2.sdk --xcode-version 17C529 --platform-family iOS --deployment-target 13.0 --bundle-identifier xctest-dynamic-overlay.IssueReportingPackageSupport --output /Users/admin/Library/Developer/Xcode/DerivedData/Group5_RSMS-gzhkuyguosdrpxgudpxvpflcphck/Build/Products/Debug-iphonesimulator/IssueReportingPackageSupport.appintents --target-triple arm64-apple-ios13.0-simulator --binary-file /Users/admin/Library/Developer/Xcode/DerivedData/Group5_RSMS-gzhkuyguosdrpxgudpxvpflcphck/Build/Products/Debug-iphonesimulator/IssueReportingPackageSupport.o --dependency-file /Users/admin/Library/Developer/Xcode/DerivedData/Group5_RSMS-gzhkuyguosdrpxgudpxvpflcphck/Build/Intermediates.noindex/xctest-dynamic-overlay.build/Debug-iphonesimulator/IssueReportingPackageSupport.build/Objects-normal/arm64/IssueReportingPackageSupport_dependency_info.dat --stringsdata-file /Users/admin/Library/Developer/Xcode/DerivedData/Group5_RSMS-gzhkuyguosdrpxgudpxvpflcphck/Build/Intermediates.noindex/xctest-dynamic-overlay.build/Debug-iphonesimulator/IssueReportingPackageSupport.build/Objects-normal/arm64/ExtractedAppShortcutsMetadata.stringsdata --source-file-list /Users/admin/Library/Developer/Xcode/DerivedData/Group5_RSMS-gzhkuyguosdrpxgudpxvpflcphck/Build/Intermediates.noindex/xctest-dynamic-overlay.build/Debug-iphonesimulator/IssueReportingPackageSupport.build/Objects-normal/arm64/IssueReportingPackageSupport.SwiftFileList --metadata-file-list /Users/admin/Library/Developer/Xcode/DerivedData/Group5_RSMS-gzhkuyguosdrpxgudpxvpflcphck/Build/Intermediates.noindex/xctest-dynamic-overlay.build/Debug-iphonesimulator/IssueReportingPackageSupport.build/IssueReportingPackageSupport.DependencyMetadataFileList --static-metadata-file-list /Users/admin/Library/Developer/Xcode/DerivedData/Group5_RSMS-gzhkuyguosdrpxgudpxvpflcphck/Build/Intermediates.noindex/xctest-dynamic-overlay.build/Debug-iphonesimulator/IssueReportingPackageSupport.build/IssueReportingPackageSupport.DependencyStaticMetadataFileList --swift-const-vals-list /Users/admin/Library/Developer/Xcode/DerivedData/Group5_RSMS-gzhkuyguosdrpxgudpxvpflcphck/Build/Intermediates.noindex/xctest-dynamic-overlay.build/Debug-iphonesimulator/IssueReportingPackageSupport.build/Objects-normal/arm64/IssueReportingPackageSupport.SwiftConstValuesFileList --force --compile-time-extraction --deployment-aware-processing --validate-assistant-intents --no-app-shortcuts-localization
2026-04-21 19:30:00.535 appintentsmetadataprocessor[3595:75588] Starting appintentsmetadataprocessor export
2026-04-21 19:30:00.622 appintentsmetadataprocessor[3595:75588] Extracted no relevant App Intents symbols, skipping writing output

RegisterExecutionPolicyException /Users/admin/Library/Developer/Xcode/DerivedData/Group5_RSMS-gzhkuyguosdrpxgudpxvpflcphck/Build/Products/Debug-iphonesimulator/IssueReportingPackageSupport.o (in target 'IssueReportingPackageSupport' from project 'xctest-dynamic-overlay')
    cd /Users/admin/Library/Developer/Xcode/DerivedData/Group5_RSMS-gzhkuyguosdrpxgudpxvpflcphck/SourcePackages/checkouts/xctest-dynamic-overlay
    builtin-RegisterExecutionPolicyException /Users/admin/Library/Developer/Xcode/DerivedData/Group5_RSMS-gzhkuyguosdrpxgudpxvpflcphck/Build/Products/Debug-iphonesimulator/IssueReportingPackageSupport.o

Ld /Users/admin/Library/Developer/Xcode/DerivedData/Group5_RSMS-gzhkuyguosdrpxgudpxvpflcphck/Build/Products/Debug-iphonesimulator/IssueReporting.o normal (in target 'IssueReporting' from project 'xctest-dynamic-overlay')
    cd /Users/admin/Library/Developer/Xcode/DerivedData/Group5_RSMS-gzhkuyguosdrpxgudpxvpflcphck/SourcePackages/checkouts/xctest-dynamic-overlay
    /Applications/Xcode.app/Contents/Developer/Toolchains/XcodeDefault.xctoolchain/usr/bin/clang -Xlinker -reproducible -target arm64-apple-ios13.0-simulator -r -isysroot /Applications/Xcode.app/Contents/Developer/Platforms/iPhoneSimulator.platform/Developer/SDKs/iPhoneSimulator26.2.sdk -O0 -w -L/Users/admin/Library/Developer/Xcode/DerivedData/Group5_RSMS-gzhkuyguosdrpxgudpxvpflcphck/Build/Intermediates.noindex/EagerLinkingTBDs/Debug-iphonesimulator -L/Users/admin/Library/Developer/Xcode/DerivedData/Group5_RSMS-gzhkuyguosdrpxgudpxvpflcphck/Build/Products/Debug-iphonesimulator -L/Applications/Xcode.app/Contents/Developer/Platforms/iPhoneSimulator.platform/Developer/usr/lib -F/Users/admin/Library/Developer/Xcode/DerivedData/Group5_RSMS-gzhkuyguosdrpxgudpxvpflcphck/Build/Intermediates.noindex/EagerLinkingTBDs/Debug-iphonesimulator -F/Users/admin/Library/Developer/Xcode/DerivedData/Group5_RSMS-gzhkuyguosdrpxgudpxvpflcphck/Build/Products/Debug-iphonesimulator/PackageFrameworks -F/Users/admin/Library/Developer/Xcode/DerivedData/Group5_RSMS-gzhkuyguosdrpxgudpxvpflcphck/Build/Products/Debug-iphonesimulator -iframework /Applications/Xcode.app/Contents/Developer/Platforms/iPhoneSimulator.platform/Developer/Library/Frameworks -iframework /Applications/Xcode.app/Contents/Developer/Platforms/iPhoneSimulator.platform/Developer/SDKs/iPhoneSimulator26.2.sdk/Developer/Library/Frameworks -filelist /Users/admin/Library/Developer/Xcode/DerivedData/Group5_RSMS-gzhkuyguosdrpxgudpxvpflcphck/Build/Intermediates.noindex/xctest-dynamic-overlay.build/Debug-iphonesimulator/IssueReporting.build/Objects-normal/arm64/IssueReporting.LinkFileList -nostdlib -Xlinker -object_path_lto -Xlinker /Users/admin/Library/Developer/Xcode/DerivedData/Group5_RSMS-gzhkuyguosdrpxgudpxvpflcphck/Build/Intermediates.noindex/xctest-dynamic-overlay.build/Debug-iphonesimulator/IssueReporting.build/Objects-normal/arm64/IssueReporting_lto.o -rdynamic -Xlinker -no_deduplicate -Xlinker -objc_abi_version -Xlinker 2 -Xlinker -dependency_info -Xlinker /Users/admin/Library/Developer/Xcode/DerivedData/Group5_RSMS-gzhkuyguosdrpxgudpxvpflcphck/Build/Intermediates.noindex/xctest-dynamic-overlay.build/Debug-iphonesimulator/IssueReporting.build/Objects-normal/arm64/IssueReporting_dependency_info.dat -fobjc-link-runtime -L/Applications/Xcode.app/Contents/Developer/Toolchains/XcodeDefault.xctoolchain/usr/lib/swift/iphonesimulator -L/usr/lib/swift -Xlinker -add_ast_path -Xlinker /Users/admin/Library/Developer/Xcode/DerivedData/Group5_RSMS-gzhkuyguosdrpxgudpxvpflcphck/Build/Intermediates.noindex/xctest-dynamic-overlay.build/Debug-iphonesimulator/IssueReporting.build/Objects-normal/arm64/IssueReporting.swiftmodule @/Users/admin/Library/Developer/Xcode/DerivedData/Group5_RSMS-gzhkuyguosdrpxgudpxvpflcphck/Build/Intermediates.noindex/xctest-dynamic-overlay.build/Debug-iphonesimulator/IssueReporting.build/Objects-normal/arm64/IssueReporting-linker-args.resp -o /Users/admin/Library/Developer/Xcode/DerivedData/Group5_RSMS-gzhkuyguosdrpxgudpxvpflcphck/Build/Products/Debug-iphonesimulator/IssueReporting.o

ExtractAppIntentsMetadata (in target 'IssueReporting' from project 'xctest-dynamic-overlay')
    cd /Users/admin/Library/Developer/Xcode/DerivedData/Group5_RSMS-gzhkuyguosdrpxgudpxvpflcphck/SourcePackages/checkouts/xctest-dynamic-overlay
    /Applications/Xcode.app/Contents/Developer/Toolchains/XcodeDefault.xctoolchain/usr/bin/appintentsmetadataprocessor --toolchain-dir /Applications/Xcode.app/Contents/Developer/Toolchains/XcodeDefault.xctoolchain --module-name IssueReporting --sdk-root /Applications/Xcode.app/Contents/Developer/Platforms/iPhoneSimulator.platform/Developer/SDKs/iPhoneSimulator26.2.sdk --xcode-version 17C529 --platform-family iOS --deployment-target 13.0 --bundle-identifier xctest-dynamic-overlay.IssueReporting --output /Users/admin/Library/Developer/Xcode/DerivedData/Group5_RSMS-gzhkuyguosdrpxgudpxvpflcphck/Build/Products/Debug-iphonesimulator/IssueReporting.appintents --target-triple arm64-apple-ios13.0-simulator --binary-file /Users/admin/Library/Developer/Xcode/DerivedData/Group5_RSMS-gzhkuyguosdrpxgudpxvpflcphck/Build/Products/Debug-iphonesimulator/IssueReporting.o --dependency-file /Users/admin/Library/Developer/Xcode/DerivedData/Group5_RSMS-gzhkuyguosdrpxgudpxvpflcphck/Build/Intermediates.noindex/xctest-dynamic-overlay.build/Debug-iphonesimulator/IssueReporting.build/Objects-normal/arm64/IssueReporting_dependency_info.dat --stringsdata-file /Users/admin/Library/Developer/Xcode/DerivedData/Group5_RSMS-gzhkuyguosdrpxgudpxvpflcphck/Build/Intermediates.noindex/xctest-dynamic-overlay.build/Debug-iphonesimulator/IssueReporting.build/Objects-normal/arm64/ExtractedAppShortcutsMetadata.stringsdata --source-file-list /Users/admin/Library/Developer/Xcode/DerivedData/Group5_RSMS-gzhkuyguosdrpxgudpxvpflcphck/Build/Intermediates.noindex/xctest-dynamic-overlay.build/Debug-iphonesimulator/IssueReporting.build/Objects-normal/arm64/IssueReporting.SwiftFileList --metadata-file-list /Users/admin/Library/Developer/Xcode/DerivedData/Group5_RSMS-gzhkuyguosdrpxgudpxvpflcphck/Build/Intermediates.noindex/xctest-dynamic-overlay.build/Debug-iphonesimulator/IssueReporting.build/IssueReporting.DependencyMetadataFileList --static-metadata-file-list /Users/admin/Library/Developer/Xcode/DerivedData/Group5_RSMS-gzhkuyguosdrpxgudpxvpflcphck/Build/Intermediates.noindex/xctest-dynamic-overlay.build/Debug-iphonesimulator/IssueReporting.build/IssueReporting.DependencyStaticMetadataFileList --swift-const-vals-list /Users/admin/Library/Developer/Xcode/DerivedData/Group5_RSMS-gzhkuyguosdrpxgudpxvpflcphck/Build/Intermediates.noindex/xctest-dynamic-overlay.build/Debug-iphonesimulator/IssueReporting.build/Objects-normal/arm64/IssueReporting.SwiftConstValuesFileList --force --compile-time-extraction --deployment-aware-processing --validate-assistant-intents --no-app-shortcuts-localization
2026-04-21 19:30:00.675 appintentsmetadataprocessor[3598:75602] Starting appintentsmetadataprocessor export
2026-04-21 19:30:00.766 appintentsmetadataprocessor[3598:75602] Extracted no relevant App Intents symbols, skipping writing output

RegisterExecutionPolicyException /Users/admin/Library/Developer/Xcode/DerivedData/Group5_RSMS-gzhkuyguosdrpxgudpxvpflcphck/Build/Products/Debug-iphonesimulator/IssueReporting.o (in target 'IssueReporting' from project 'xctest-dynamic-overlay')
    cd /Users/admin/Library/Developer/Xcode/DerivedData/Group5_RSMS-gzhkuyguosdrpxgudpxvpflcphck/SourcePackages/checkouts/xctest-dynamic-overlay
    builtin-RegisterExecutionPolicyException /Users/admin/Library/Developer/Xcode/DerivedData/Group5_RSMS-gzhkuyguosdrpxgudpxvpflcphck/Build/Products/Debug-iphonesimulator/IssueReporting.o

Ld /Users/admin/Library/Developer/Xcode/DerivedData/Group5_RSMS-gzhkuyguosdrpxgudpxvpflcphck/Build/Products/Debug-iphonesimulator/Clocks.o normal (in target 'Clocks' from project 'swift-clocks')
    cd /Users/admin/Library/Developer/Xcode/DerivedData/Group5_RSMS-gzhkuyguosdrpxgudpxvpflcphck/SourcePackages/checkouts/swift-clocks
    /Applications/Xcode.app/Contents/Developer/Toolchains/XcodeDefault.xctoolchain/usr/bin/clang -Xlinker -reproducible -target arm64-apple-ios13.0-simulator -r -isysroot /Applications/Xcode.app/Contents/Developer/Platforms/iPhoneSimulator.platform/Developer/SDKs/iPhoneSimulator26.2.sdk -O0 -w -L/Users/admin/Library/Developer/Xcode/DerivedData/Group5_RSMS-gzhkuyguosdrpxgudpxvpflcphck/Build/Intermediates.noindex/EagerLinkingTBDs/Debug-iphonesimulator -L/Users/admin/Library/Developer/Xcode/DerivedData/Group5_RSMS-gzhkuyguosdrpxgudpxvpflcphck/Build/Products/Debug-iphonesimulator -L/Applications/Xcode.app/Contents/Developer/Platforms/iPhoneSimulator.platform/Developer/usr/lib -F/Users/admin/Library/Developer/Xcode/DerivedData/Group5_RSMS-gzhkuyguosdrpxgudpxvpflcphck/Build/Intermediates.noindex/EagerLinkingTBDs/Debug-iphonesimulator -F/Users/admin/Library/Developer/Xcode/DerivedData/Group5_RSMS-gzhkuyguosdrpxgudpxvpflcphck/Build/Products/Debug-iphonesimulator/PackageFrameworks -F/Users/admin/Library/Developer/Xcode/DerivedData/Group5_RSMS-gzhkuyguosdrpxgudpxvpflcphck/Build/Products/Debug-iphonesimulator/PackageFrameworks -F/Users/admin/Library/Developer/Xcode/DerivedData/Group5_RSMS-gzhkuyguosdrpxgudpxvpflcphck/Build/Products/Debug-iphonesimulator/PackageFrameworks -F/Users/admin/Library/Developer/Xcode/DerivedData/Group5_RSMS-gzhkuyguosdrpxgudpxvpflcphck/Build/Products/Debug-iphonesimulator -iframework /Applications/Xcode.app/Contents/Developer/Platforms/iPhoneSimulator.platform/Developer/Library/Frameworks -iframework /Applications/Xcode.app/Contents/Developer/Platforms/iPhoneSimulator.platform/Developer/SDKs/iPhoneSimulator26.2.sdk/Developer/Library/Frameworks -filelist /Users/admin/Library/Developer/Xcode/DerivedData/Group5_RSMS-gzhkuyguosdrpxgudpxvpflcphck/Build/Intermediates.noindex/swift-clocks.build/Debug-iphonesimulator/Clocks.build/Objects-normal/arm64/Clocks.LinkFileList -nostdlib -Xlinker -object_path_lto -Xlinker /Users/admin/Library/Developer/Xcode/DerivedData/Group5_RSMS-gzhkuyguosdrpxgudpxvpflcphck/Build/Intermediates.noindex/swift-clocks.build/Debug-iphonesimulator/Clocks.build/Objects-normal/arm64/Clocks_lto.o -rdynamic -Xlinker -no_deduplicate -Xlinker -objc_abi_version -Xlinker 2 -Xlinker -dependency_info -Xlinker /Users/admin/Library/Developer/Xcode/DerivedData/Group5_RSMS-gzhkuyguosdrpxgudpxvpflcphck/Build/Intermediates.noindex/swift-clocks.build/Debug-iphonesimulator/Clocks.build/Objects-normal/arm64/Clocks_dependency_info.dat -fobjc-link-runtime -L/Applications/Xcode.app/Contents/Developer/Toolchains/XcodeDefault.xctoolchain/usr/lib/swift/iphonesimulator -L/usr/lib/swift -Xlinker -add_ast_path -Xlinker /Users/admin/Library/Developer/Xcode/DerivedData/Group5_RSMS-gzhkuyguosdrpxgudpxvpflcphck/Build/Intermediates.noindex/swift-clocks.build/Debug-iphonesimulator/Clocks.build/Objects-normal/arm64/Clocks.swiftmodule @/Users/admin/Library/Developer/Xcode/DerivedData/Group5_RSMS-gzhkuyguosdrpxgudpxvpflcphck/Build/Intermediates.noindex/swift-clocks.build/Debug-iphonesimulator/Clocks.build/Objects-normal/arm64/Clocks-linker-args.resp -o /Users/admin/Library/Developer/Xcode/DerivedData/Group5_RSMS-gzhkuyguosdrpxgudpxvpflcphck/Build/Products/Debug-iphonesimulator/Clocks.o

ExtractAppIntentsMetadata (in target 'Clocks' from project 'swift-clocks')
    cd /Users/admin/Library/Developer/Xcode/DerivedData/Group5_RSMS-gzhkuyguosdrpxgudpxvpflcphck/SourcePackages/checkouts/swift-clocks
    /Applications/Xcode.app/Contents/Developer/Toolchains/XcodeDefault.xctoolchain/usr/bin/appintentsmetadataprocessor --toolchain-dir /Applications/Xcode.app/Contents/Developer/Toolchains/XcodeDefault.xctoolchain --module-name Clocks --sdk-root /Applications/Xcode.app/Contents/Developer/Platforms/iPhoneSimulator.platform/Developer/SDKs/iPhoneSimulator26.2.sdk --xcode-version 17C529 --platform-family iOS --deployment-target 13.0 --bundle-identifier swift-clocks.Clocks --output /Users/admin/Library/Developer/Xcode/DerivedData/Group5_RSMS-gzhkuyguosdrpxgudpxvpflcphck/Build/Products/Debug-iphonesimulator/Clocks.appintents --target-triple arm64-apple-ios13.0-simulator --binary-file /Users/admin/Library/Developer/Xcode/DerivedData/Group5_RSMS-gzhkuyguosdrpxgudpxvpflcphck/Build/Products/Debug-iphonesimulator/Clocks.o --dependency-file /Users/admin/Library/Developer/Xcode/DerivedData/Group5_RSMS-gzhkuyguosdrpxgudpxvpflcphck/Build/Intermediates.noindex/swift-clocks.build/Debug-iphonesimulator/Clocks.build/Objects-normal/arm64/Clocks_dependency_info.dat --stringsdata-file /Users/admin/Library/Developer/Xcode/DerivedData/Group5_RSMS-gzhkuyguosdrpxgudpxvpflcphck/Build/Intermediates.noindex/swift-clocks.build/Debug-iphonesimulator/Clocks.build/Objects-normal/arm64/ExtractedAppShortcutsMetadata.stringsdata --source-file-list /Users/admin/Library/Developer/Xcode/DerivedData/Group5_RSMS-gzhkuyguosdrpxgudpxvpflcphck/Build/Intermediates.noindex/swift-clocks.build/Debug-iphonesimulator/Clocks.build/Objects-normal/arm64/Clocks.SwiftFileList --metadata-file-list /Users/admin/Library/Developer/Xcode/DerivedData/Group5_RSMS-gzhkuyguosdrpxgudpxvpflcphck/Build/Intermediates.noindex/swift-clocks.build/Debug-iphonesimulator/Clocks.build/Clocks.DependencyMetadataFileList --static-metadata-file-list /Users/admin/Library/Developer/Xcode/DerivedData/Group5_RSMS-gzhkuyguosdrpxgudpxvpflcphck/Build/Intermediates.noindex/swift-clocks.build/Debug-iphonesimulator/Clocks.build/Clocks.DependencyStaticMetadataFileList --swift-const-vals-list /Users/admin/Library/Developer/Xcode/DerivedData/Group5_RSMS-gzhkuyguosdrpxgudpxvpflcphck/Build/Intermediates.noindex/swift-clocks.build/Debug-iphonesimulator/Clocks.build/Objects-normal/arm64/Clocks.SwiftConstValuesFileList --force --compile-time-extraction --deployment-aware-processing --validate-assistant-intents --no-app-shortcuts-localization
2026-04-21 19:30:00.817 appintentsmetadataprocessor[3601:75615] Starting appintentsmetadataprocessor export
2026-04-21 19:30:00.904 appintentsmetadataprocessor[3601:75615] Extracted no relevant App Intents symbols, skipping writing output

RegisterExecutionPolicyException /Users/admin/Library/Developer/Xcode/DerivedData/Group5_RSMS-gzhkuyguosdrpxgudpxvpflcphck/Build/Products/Debug-iphonesimulator/Clocks.o (in target 'Clocks' from project 'swift-clocks')
    cd /Users/admin/Library/Developer/Xcode/DerivedData/Group5_RSMS-gzhkuyguosdrpxgudpxvpflcphck/SourcePackages/checkouts/swift-clocks
    builtin-RegisterExecutionPolicyException /Users/admin/Library/Developer/Xcode/DerivedData/Group5_RSMS-gzhkuyguosdrpxgudpxvpflcphck/Build/Products/Debug-iphonesimulator/Clocks.o

Ld /Users/admin/Library/Developer/Xcode/DerivedData/Group5_RSMS-gzhkuyguosdrpxgudpxvpflcphck/Build/Products/Debug-iphonesimulator/XCTestDynamicOverlay.o normal (in target 'XCTestDynamicOverlay' from project 'xctest-dynamic-overlay')
    cd /Users/admin/Library/Developer/Xcode/DerivedData/Group5_RSMS-gzhkuyguosdrpxgudpxvpflcphck/SourcePackages/checkouts/xctest-dynamic-overlay
    /Applications/Xcode.app/Contents/Developer/Toolchains/XcodeDefault.xctoolchain/usr/bin/clang -Xlinker -reproducible -target arm64-apple-ios13.0-simulator -r -isysroot /Applications/Xcode.app/Contents/Developer/Platforms/iPhoneSimulator.platform/Developer/SDKs/iPhoneSimulator26.2.sdk -O0 -w -L/Users/admin/Library/Developer/Xcode/DerivedData/Group5_RSMS-gzhkuyguosdrpxgudpxvpflcphck/Build/Intermediates.noindex/EagerLinkingTBDs/Debug-iphonesimulator -L/Users/admin/Library/Developer/Xcode/DerivedData/Group5_RSMS-gzhkuyguosdrpxgudpxvpflcphck/Build/Products/Debug-iphonesimulator -L/Applications/Xcode.app/Contents/Developer/Platforms/iPhoneSimulator.platform/Developer/usr/lib -F/Users/admin/Library/Developer/Xcode/DerivedData/Group5_RSMS-gzhkuyguosdrpxgudpxvpflcphck/Build/Intermediates.noindex/EagerLinkingTBDs/Debug-iphonesimulator -F/Users/admin/Library/Developer/Xcode/DerivedData/Group5_RSMS-gzhkuyguosdrpxgudpxvpflcphck/Build/Products/Debug-iphonesimulator/PackageFrameworks -F/Users/admin/Library/Developer/Xcode/DerivedData/Group5_RSMS-gzhkuyguosdrpxgudpxvpflcphck/Build/Products/Debug-iphonesimulator/PackageFrameworks -F/Users/admin/Library/Developer/Xcode/DerivedData/Group5_RSMS-gzhkuyguosdrpxgudpxvpflcphck/Build/Products/Debug-iphonesimulator -iframework /Applications/Xcode.app/Contents/Developer/Platforms/iPhoneSimulator.platform/Developer/Library/Frameworks -iframework /Applications/Xcode.app/Contents/Developer/Platforms/iPhoneSimulator.platform/Developer/SDKs/iPhoneSimulator26.2.sdk/Developer/Library/Frameworks -filelist /Users/admin/Library/Developer/Xcode/DerivedData/Group5_RSMS-gzhkuyguosdrpxgudpxvpflcphck/Build/Intermediates.noindex/xctest-dynamic-overlay.build/Debug-iphonesimulator/XCTestDynamicOverlay.build/Objects-normal/arm64/XCTestDynamicOverlay.LinkFileList -nostdlib -Xlinker -object_path_lto -Xlinker /Users/admin/Library/Developer/Xcode/DerivedData/Group5_RSMS-gzhkuyguosdrpxgudpxvpflcphck/Build/Intermediates.noindex/xctest-dynamic-overlay.build/Debug-iphonesimulator/XCTestDynamicOverlay.build/Objects-normal/arm64/XCTestDynamicOverlay_lto.o -rdynamic -Xlinker -no_deduplicate -Xlinker -objc_abi_version -Xlinker 2 -Xlinker -dependency_info -Xlinker /Users/admin/Library/Developer/Xcode/DerivedData/Group5_RSMS-gzhkuyguosdrpxgudpxvpflcphck/Build/Intermediates.noindex/xctest-dynamic-overlay.build/Debug-iphonesimulator/XCTestDynamicOverlay.build/Objects-normal/arm64/XCTestDynamicOverlay_dependency_info.dat -fobjc-link-runtime -L/Applications/Xcode.app/Contents/Developer/Toolchains/XcodeDefault.xctoolchain/usr/lib/swift/iphonesimulator -L/usr/lib/swift -Xlinker -add_ast_path -Xlinker /Users/admin/Library/Developer/Xcode/DerivedData/Group5_RSMS-gzhkuyguosdrpxgudpxvpflcphck/Build/Intermediates.noindex/xctest-dynamic-overlay.build/Debug-iphonesimulator/XCTestDynamicOverlay.build/Objects-normal/arm64/XCTestDynamicOverlay.swiftmodule @/Users/admin/Library/Developer/Xcode/DerivedData/Group5_RSMS-gzhkuyguosdrpxgudpxvpflcphck/Build/Intermediates.noindex/xctest-dynamic-overlay.build/Debug-iphonesimulator/XCTestDynamicOverlay.build/Objects-normal/arm64/XCTestDynamicOverlay-linker-args.resp -o /Users/admin/Library/Developer/Xcode/DerivedData/Group5_RSMS-gzhkuyguosdrpxgudpxvpflcphck/Build/Products/Debug-iphonesimulator/XCTestDynamicOverlay.o

ExtractAppIntentsMetadata (in target 'XCTestDynamicOverlay' from project 'xctest-dynamic-overlay')
    cd /Users/admin/Library/Developer/Xcode/DerivedData/Group5_RSMS-gzhkuyguosdrpxgudpxvpflcphck/SourcePackages/checkouts/xctest-dynamic-overlay
    /Applications/Xcode.app/Contents/Developer/Toolchains/XcodeDefault.xctoolchain/usr/bin/appintentsmetadataprocessor --toolchain-dir /Applications/Xcode.app/Contents/Developer/Toolchains/XcodeDefault.xctoolchain --module-name XCTestDynamicOverlay --sdk-root /Applications/Xcode.app/Contents/Developer/Platforms/iPhoneSimulator.platform/Developer/SDKs/iPhoneSimulator26.2.sdk --xcode-version 17C529 --platform-family iOS --deployment-target 13.0 --bundle-identifier xctest-dynamic-overlay.XCTestDynamicOverlay --output /Users/admin/Library/Developer/Xcode/DerivedData/Group5_RSMS-gzhkuyguosdrpxgudpxvpflcphck/Build/Products/Debug-iphonesimulator/XCTestDynamicOverlay.appintents --target-triple arm64-apple-ios13.0-simulator --binary-file /Users/admin/Library/Developer/Xcode/DerivedData/Group5_RSMS-gzhkuyguosdrpxgudpxvpflcphck/Build/Products/Debug-iphonesimulator/XCTestDynamicOverlay.o --dependency-file /Users/admin/Library/Developer/Xcode/DerivedData/Group5_RSMS-gzhkuyguosdrpxgudpxvpflcphck/Build/Intermediates.noindex/xctest-dynamic-overlay.build/Debug-iphonesimulator/XCTestDynamicOverlay.build/Objects-normal/arm64/XCTestDynamicOverlay_dependency_info.dat --stringsdata-file /Users/admin/Library/Developer/Xcode/DerivedData/Group5_RSMS-gzhkuyguosdrpxgudpxvpflcphck/Build/Intermediates.noindex/xctest-dynamic-overlay.build/Debug-iphonesimulator/XCTestDynamicOverlay.build/Objects-normal/arm64/ExtractedAppShortcutsMetadata.stringsdata --source-file-list /Users/admin/Library/Developer/Xcode/DerivedData/Group5_RSMS-gzhkuyguosdrpxgudpxvpflcphck/Build/Intermediates.noindex/xctest-dynamic-overlay.build/Debug-iphonesimulator/XCTestDynamicOverlay.build/Objects-normal/arm64/XCTestDynamicOverlay.SwiftFileList --metadata-file-list /Users/admin/Library/Developer/Xcode/DerivedData/Group5_RSMS-gzhkuyguosdrpxgudpxvpflcphck/Build/Intermediates.noindex/xctest-dynamic-overlay.build/Debug-iphonesimulator/XCTestDynamicOverlay.build/XCTestDynamicOverlay.DependencyMetadataFileList --static-metadata-file-list /Users/admin/Library/Developer/Xcode/DerivedData/Group5_RSMS-gzhkuyguosdrpxgudpxvpflcphck/Build/Intermediates.noindex/xctest-dynamic-overlay.build/Debug-iphonesimulator/XCTestDynamicOverlay.build/XCTestDynamicOverlay.DependencyStaticMetadataFileList --swift-const-vals-list /Users/admin/Library/Developer/Xcode/DerivedData/Group5_RSMS-gzhkuyguosdrpxgudpxvpflcphck/Build/Intermediates.noindex/xctest-dynamic-overlay.build/Debug-iphonesimulator/XCTestDynamicOverlay.build/Objects-normal/arm64/XCTestDynamicOverlay.SwiftConstValuesFileList --force --compile-time-extraction --deployment-aware-processing --validate-assistant-intents --no-app-shortcuts-localization
2026-04-21 19:30:00.953 appintentsmetadataprocessor[3604:75628] Starting appintentsmetadataprocessor export
2026-04-21 19:30:01.040 appintentsmetadataprocessor[3604:75628] Extracted no relevant App Intents symbols, skipping writing output

RegisterExecutionPolicyException /Users/admin/Library/Developer/Xcode/DerivedData/Group5_RSMS-gzhkuyguosdrpxgudpxvpflcphck/Build/Products/Debug-iphonesimulator/XCTestDynamicOverlay.o (in target 'XCTestDynamicOverlay' from project 'xctest-dynamic-overlay')
    cd /Users/admin/Library/Developer/Xcode/DerivedData/Group5_RSMS-gzhkuyguosdrpxgudpxvpflcphck/SourcePackages/checkouts/xctest-dynamic-overlay
    builtin-RegisterExecutionPolicyException /Users/admin/Library/Developer/Xcode/DerivedData/Group5_RSMS-gzhkuyguosdrpxgudpxvpflcphck/Build/Products/Debug-iphonesimulator/XCTestDynamicOverlay.o

Ld /Users/admin/Library/Developer/Xcode/DerivedData/Group5_RSMS-gzhkuyguosdrpxgudpxvpflcphck/Build/Products/Debug-iphonesimulator/Helpers.o normal (in target 'Helpers' from project 'Supabase')
    cd /Users/admin/Library/Developer/Xcode/DerivedData/Group5_RSMS-gzhkuyguosdrpxgudpxvpflcphck/SourcePackages/checkouts/supabase-swift
    /Applications/Xcode.app/Contents/Developer/Toolchains/XcodeDefault.xctoolchain/usr/bin/clang -Xlinker -reproducible -target arm64-apple-ios13.0-simulator -r -isysroot /Applications/Xcode.app/Contents/Developer/Platforms/iPhoneSimulator.platform/Developer/SDKs/iPhoneSimulator26.2.sdk -O0 -w -L/Users/admin/Library/Developer/Xcode/DerivedData/Group5_RSMS-gzhkuyguosdrpxgudpxvpflcphck/Build/Intermediates.noindex/EagerLinkingTBDs/Debug-iphonesimulator -L/Users/admin/Library/Developer/Xcode/DerivedData/Group5_RSMS-gzhkuyguosdrpxgudpxvpflcphck/Build/Products/Debug-iphonesimulator -L/Applications/Xcode.app/Contents/Developer/Platforms/iPhoneSimulator.platform/Developer/usr/lib -F/Users/admin/Library/Developer/Xcode/DerivedData/Group5_RSMS-gzhkuyguosdrpxgudpxvpflcphck/Build/Intermediates.noindex/EagerLinkingTBDs/Debug-iphonesimulator -F/Users/admin/Library/Developer/Xcode/DerivedData/Group5_RSMS-gzhkuyguosdrpxgudpxvpflcphck/Build/Products/Debug-iphonesimulator/PackageFrameworks -F/Users/admin/Library/Developer/Xcode/DerivedData/Group5_RSMS-gzhkuyguosdrpxgudpxvpflcphck/Build/Products/Debug-iphonesimulator/PackageFrameworks -F/Users/admin/Library/Developer/Xcode/DerivedData/Group5_RSMS-gzhkuyguosdrpxgudpxvpflcphck/Build/Products/Debug-iphonesimulator/PackageFrameworks -F/Users/admin/Library/Developer/Xcode/DerivedData/Group5_RSMS-gzhkuyguosdrpxgudpxvpflcphck/Build/Products/Debug-iphonesimulator/PackageFrameworks -F/Users/admin/Library/Developer/Xcode/DerivedData/Group5_RSMS-gzhkuyguosdrpxgudpxvpflcphck/Build/Products/Debug-iphonesimulator/PackageFrameworks -F/Users/admin/Library/Developer/Xcode/DerivedData/Group5_RSMS-gzhkuyguosdrpxgudpxvpflcphck/Build/Products/Debug-iphonesimulator/PackageFrameworks -F/Users/admin/Library/Developer/Xcode/DerivedData/Group5_RSMS-gzhkuyguosdrpxgudpxvpflcphck/Build/Products/Debug-iphonesimulator -iframework /Applications/Xcode.app/Contents/Developer/Platforms/iPhoneSimulator.platform/Developer/Library/Frameworks -iframework /Applications/Xcode.app/Contents/Developer/Platforms/iPhoneSimulator.platform/Developer/SDKs/iPhoneSimulator26.2.sdk/Developer/Library/Frameworks -filelist /Users/admin/Library/Developer/Xcode/DerivedData/Group5_RSMS-gzhkuyguosdrpxgudpxvpflcphck/Build/Intermediates.noindex/Supabase.build/Debug-iphonesimulator/Helpers.build/Objects-normal/arm64/Helpers.LinkFileList -nostdlib -Xlinker -object_path_lto -Xlinker /Users/admin/Library/Developer/Xcode/DerivedData/Group5_RSMS-gzhkuyguosdrpxgudpxvpflcphck/Build/Intermediates.noindex/Supabase.build/Debug-iphonesimulator/Helpers.build/Objects-normal/arm64/Helpers_lto.o -rdynamic -Xlinker -no_deduplicate -Xlinker -objc_abi_version -Xlinker 2 -Xlinker -dependency_info -Xlinker /Users/admin/Library/Developer/Xcode/DerivedData/Group5_RSMS-gzhkuyguosdrpxgudpxvpflcphck/Build/Intermediates.noindex/Supabase.build/Debug-iphonesimulator/Helpers.build/Objects-normal/arm64/Helpers_dependency_info.dat -fobjc-link-runtime -L/Applications/Xcode.app/Contents/Developer/Toolchains/XcodeDefault.xctoolchain/usr/lib/swift/iphonesimulator -L/usr/lib/swift -Xlinker -add_ast_path -Xlinker /Users/admin/Library/Developer/Xcode/DerivedData/Group5_RSMS-gzhkuyguosdrpxgudpxvpflcphck/Build/Intermediates.noindex/Supabase.build/Debug-iphonesimulator/Helpers.build/Objects-normal/arm64/Helpers.swiftmodule @/Users/admin/Library/Developer/Xcode/DerivedData/Group5_RSMS-gzhkuyguosdrpxgudpxvpflcphck/Build/Intermediates.noindex/Supabase.build/Debug-iphonesimulator/Helpers.build/Objects-normal/arm64/Helpers-linker-args.resp -o /Users/admin/Library/Developer/Xcode/DerivedData/Group5_RSMS-gzhkuyguosdrpxgudpxvpflcphck/Build/Products/Debug-iphonesimulator/Helpers.o

ExtractAppIntentsMetadata (in target 'Helpers' from project 'Supabase')
    cd /Users/admin/Library/Developer/Xcode/DerivedData/Group5_RSMS-gzhkuyguosdrpxgudpxvpflcphck/SourcePackages/checkouts/supabase-swift
    /Applications/Xcode.app/Contents/Developer/Toolchains/XcodeDefault.xctoolchain/usr/bin/appintentsmetadataprocessor --toolchain-dir /Applications/Xcode.app/Contents/Developer/Toolchains/XcodeDefault.xctoolchain --module-name Helpers --sdk-root /Applications/Xcode.app/Contents/Developer/Platforms/iPhoneSimulator.platform/Developer/SDKs/iPhoneSimulator26.2.sdk --xcode-version 17C529 --platform-family iOS --deployment-target 13.0 --bundle-identifier supabase-swift.Helpers --output /Users/admin/Library/Developer/Xcode/DerivedData/Group5_RSMS-gzhkuyguosdrpxgudpxvpflcphck/Build/Products/Debug-iphonesimulator/Helpers.appintents --target-triple arm64-apple-ios13.0-simulator --binary-file /Users/admin/Library/Developer/Xcode/DerivedData/Group5_RSMS-gzhkuyguosdrpxgudpxvpflcphck/Build/Products/Debug-iphonesimulator/Helpers.o --dependency-file /Users/admin/Library/Developer/Xcode/DerivedData/Group5_RSMS-gzhkuyguosdrpxgudpxvpflcphck/Build/Intermediates.noindex/Supabase.build/Debug-iphonesimulator/Helpers.build/Objects-normal/arm64/Helpers_dependency_info.dat --stringsdata-file /Users/admin/Library/Developer/Xcode/DerivedData/Group5_RSMS-gzhkuyguosdrpxgudpxvpflcphck/Build/Intermediates.noindex/Supabase.build/Debug-iphonesimulator/Helpers.build/Objects-normal/arm64/ExtractedAppShortcutsMetadata.stringsdata --source-file-list /Users/admin/Library/Developer/Xcode/DerivedData/Group5_RSMS-gzhkuyguosdrpxgudpxvpflcphck/Build/Intermediates.noindex/Supabase.build/Debug-iphonesimulator/Helpers.build/Objects-normal/arm64/Helpers.SwiftFileList --metadata-file-list /Users/admin/Library/Developer/Xcode/DerivedData/Group5_RSMS-gzhkuyguosdrpxgudpxvpflcphck/Build/Intermediates.noindex/Supabase.build/Debug-iphonesimulator/Helpers.build/Helpers.DependencyMetadataFileList --static-metadata-file-list /Users/admin/Library/Developer/Xcode/DerivedData/Group5_RSMS-gzhkuyguosdrpxgudpxvpflcphck/Build/Intermediates.noindex/Supabase.build/Debug-iphonesimulator/Helpers.build/Helpers.DependencyStaticMetadataFileList --swift-const-vals-list /Users/admin/Library/Developer/Xcode/DerivedData/Group5_RSMS-gzhkuyguosdrpxgudpxvpflcphck/Build/Intermediates.noindex/Supabase.build/Debug-iphonesimulator/Helpers.build/Objects-normal/arm64/Helpers.SwiftConstValuesFileList --force --compile-time-extraction --deployment-aware-processing --validate-assistant-intents --no-app-shortcuts-localization
2026-04-21 19:30:01.094 appintentsmetadataprocessor[3607:75646] Starting appintentsmetadataprocessor export
2026-04-21 19:30:01.186 appintentsmetadataprocessor[3607:75646] Extracted no relevant App Intents symbols, skipping writing output

RegisterExecutionPolicyException /Users/admin/Library/Developer/Xcode/DerivedData/Group5_RSMS-gzhkuyguosdrpxgudpxvpflcphck/Build/Products/Debug-iphonesimulator/Helpers.o (in target 'Helpers' from project 'Supabase')
    cd /Users/admin/Library/Developer/Xcode/DerivedData/Group5_RSMS-gzhkuyguosdrpxgudpxvpflcphck/SourcePackages/checkouts/supabase-swift
    builtin-RegisterExecutionPolicyException /Users/admin/Library/Developer/Xcode/DerivedData/Group5_RSMS-gzhkuyguosdrpxgudpxvpflcphck/Build/Products/Debug-iphonesimulator/Helpers.o

ProcessInfoPlistFile /Users/admin/Library/Developer/Xcode/DerivedData/Group5_RSMS-gzhkuyguosdrpxgudpxvpflcphck/Build/Products/Debug-iphonesimulator/swift-crypto_Crypto.bundle/Info.plist /Users/admin/Library/Developer/Xcode/DerivedData/Group5_RSMS-gzhkuyguosdrpxgudpxvpflcphck/Build/Intermediates.noindex/swift-crypto.build/Debug-iphonesimulator/swift-crypto_Crypto.build/empty-swift-crypto_Crypto.plist (in target 'swift-crypto_Crypto' from project 'swift-crypto')
    cd /Users/admin/Library/Developer/Xcode/DerivedData/Group5_RSMS-gzhkuyguosdrpxgudpxvpflcphck/SourcePackages/checkouts/swift-crypto
    builtin-infoPlistUtility /Users/admin/Library/Developer/Xcode/DerivedData/Group5_RSMS-gzhkuyguosdrpxgudpxvpflcphck/Build/Intermediates.noindex/swift-crypto.build/Debug-iphonesimulator/swift-crypto_Crypto.build/empty-swift-crypto_Crypto.plist -producttype com.apple.product-type.bundle -expandbuildsettings -format binary -platform iphonesimulator -o /Users/admin/Library/Developer/Xcode/DerivedData/Group5_RSMS-gzhkuyguosdrpxgudpxvpflcphck/Build/Products/Debug-iphonesimulator/swift-crypto_Crypto.bundle/Info.plist

Ld /Users/admin/Library/Developer/Xcode/DerivedData/Group5_RSMS-gzhkuyguosdrpxgudpxvpflcphck/Build/Products/Debug-iphonesimulator/Crypto.o normal (in target 'Crypto' from project 'swift-crypto')
    cd /Users/admin/Library/Developer/Xcode/DerivedData/Group5_RSMS-gzhkuyguosdrpxgudpxvpflcphck/SourcePackages/checkouts/swift-crypto
    /Applications/Xcode.app/Contents/Developer/Toolchains/XcodeDefault.xctoolchain/usr/bin/clang -Xlinker -reproducible -target arm64-apple-ios12.0-simulator -r -isysroot /Applications/Xcode.app/Contents/Developer/Platforms/iPhoneSimulator.platform/Developer/SDKs/iPhoneSimulator26.2.sdk -O0 -w -L/Users/admin/Library/Developer/Xcode/DerivedData/Group5_RSMS-gzhkuyguosdrpxgudpxvpflcphck/Build/Intermediates.noindex/EagerLinkingTBDs/Debug-iphonesimulator -L/Users/admin/Library/Developer/Xcode/DerivedData/Group5_RSMS-gzhkuyguosdrpxgudpxvpflcphck/Build/Products/Debug-iphonesimulator -L/Applications/Xcode.app/Contents/Developer/Platforms/iPhoneSimulator.platform/Developer/usr/lib -F/Users/admin/Library/Developer/Xcode/DerivedData/Group5_RSMS-gzhkuyguosdrpxgudpxvpflcphck/Build/Intermediates.noindex/EagerLinkingTBDs/Debug-iphonesimulator -F/Users/admin/Library/Developer/Xcode/DerivedData/Group5_RSMS-gzhkuyguosdrpxgudpxvpflcphck/Build/Products/Debug-iphonesimulator -iframework /Applications/Xcode.app/Contents/Developer/Platforms/iPhoneSimulator.platform/Developer/Library/Frameworks -iframework /Applications/Xcode.app/Contents/Developer/Platforms/iPhoneSimulator.platform/Developer/SDKs/iPhoneSimulator26.2.sdk/Developer/Library/Frameworks -filelist /Users/admin/Library/Developer/Xcode/DerivedData/Group5_RSMS-gzhkuyguosdrpxgudpxvpflcphck/Build/Intermediates.noindex/swift-crypto.build/Debug-iphonesimulator/Crypto.build/Objects-normal/arm64/Crypto.LinkFileList -nostdlib -Xlinker -object_path_lto -Xlinker /Users/admin/Library/Developer/Xcode/DerivedData/Group5_RSMS-gzhkuyguosdrpxgudpxvpflcphck/Build/Intermediates.noindex/swift-crypto.build/Debug-iphonesimulator/Crypto.build/Objects-normal/arm64/Crypto_lto.o -rdynamic -Xlinker -no_deduplicate -Xlinker -objc_abi_version -Xlinker 2 -Xlinker -dependency_info -Xlinker /Users/admin/Library/Developer/Xcode/DerivedData/Group5_RSMS-gzhkuyguosdrpxgudpxvpflcphck/Build/Intermediates.noindex/swift-crypto.build/Debug-iphonesimulator/Crypto.build/Objects-normal/arm64/Crypto_dependency_info.dat -fobjc-link-runtime -L/Applications/Xcode.app/Contents/Developer/Toolchains/XcodeDefault.xctoolchain/usr/lib/swift/iphonesimulator -L/usr/lib/swift -Xlinker -add_ast_path -Xlinker /Users/admin/Library/Developer/Xcode/DerivedData/Group5_RSMS-gzhkuyguosdrpxgudpxvpflcphck/Build/Intermediates.noindex/swift-crypto.build/Debug-iphonesimulator/Crypto.build/Objects-normal/arm64/Crypto.swiftmodule @/Users/admin/Library/Developer/Xcode/DerivedData/Group5_RSMS-gzhkuyguosdrpxgudpxvpflcphck/Build/Intermediates.noindex/swift-crypto.build/Debug-iphonesimulator/Crypto.build/Objects-normal/arm64/Crypto-linker-args.resp -o /Users/admin/Library/Developer/Xcode/DerivedData/Group5_RSMS-gzhkuyguosdrpxgudpxvpflcphck/Build/Products/Debug-iphonesimulator/Crypto.o

ExtractAppIntentsMetadata (in target 'Crypto' from project 'swift-crypto')
    cd /Users/admin/Library/Developer/Xcode/DerivedData/Group5_RSMS-gzhkuyguosdrpxgudpxvpflcphck/SourcePackages/checkouts/swift-crypto
    /Applications/Xcode.app/Contents/Developer/Toolchains/XcodeDefault.xctoolchain/usr/bin/appintentsmetadataprocessor --toolchain-dir /Applications/Xcode.app/Contents/Developer/Toolchains/XcodeDefault.xctoolchain --module-name Crypto --sdk-root /Applications/Xcode.app/Contents/Developer/Platforms/iPhoneSimulator.platform/Developer/SDKs/iPhoneSimulator26.2.sdk --xcode-version 17C529 --platform-family iOS --deployment-target 12.0 --bundle-identifier swift-crypto.Crypto --output /Users/admin/Library/Developer/Xcode/DerivedData/Group5_RSMS-gzhkuyguosdrpxgudpxvpflcphck/Build/Products/Debug-iphonesimulator/Crypto.appintents --target-triple arm64-apple-ios12.0-simulator --binary-file /Users/admin/Library/Developer/Xcode/DerivedData/Group5_RSMS-gzhkuyguosdrpxgudpxvpflcphck/Build/Products/Debug-iphonesimulator/Crypto.o --dependency-file /Users/admin/Library/Developer/Xcode/DerivedData/Group5_RSMS-gzhkuyguosdrpxgudpxvpflcphck/Build/Intermediates.noindex/swift-crypto.build/Debug-iphonesimulator/Crypto.build/Objects-normal/arm64/Crypto_dependency_info.dat --stringsdata-file /Users/admin/Library/Developer/Xcode/DerivedData/Group5_RSMS-gzhkuyguosdrpxgudpxvpflcphck/Build/Intermediates.noindex/swift-crypto.build/Debug-iphonesimulator/Crypto.build/Objects-normal/arm64/ExtractedAppShortcutsMetadata.stringsdata --source-file-list /Users/admin/Library/Developer/Xcode/DerivedData/Group5_RSMS-gzhkuyguosdrpxgudpxvpflcphck/Build/Intermediates.noindex/swift-crypto.build/Debug-iphonesimulator/Crypto.build/Objects-normal/arm64/Crypto.SwiftFileList --metadata-file-list /Users/admin/Library/Developer/Xcode/DerivedData/Group5_RSMS-gzhkuyguosdrpxgudpxvpflcphck/Build/Intermediates.noindex/swift-crypto.build/Debug-iphonesimulator/Crypto.build/Crypto.DependencyMetadataFileList --static-metadata-file-list /Users/admin/Library/Developer/Xcode/DerivedData/Group5_RSMS-gzhkuyguosdrpxgudpxvpflcphck/Build/Intermediates.noindex/swift-crypto.build/Debug-iphonesimulator/Crypto.build/Crypto.DependencyStaticMetadataFileList --swift-const-vals-list /Users/admin/Library/Developer/Xcode/DerivedData/Group5_RSMS-gzhkuyguosdrpxgudpxvpflcphck/Build/Intermediates.noindex/swift-crypto.build/Debug-iphonesimulator/Crypto.build/Objects-normal/arm64/Crypto.SwiftConstValuesFileList --force --compile-time-extraction --deployment-aware-processing --validate-assistant-intents --no-app-shortcuts-localization
2026-04-21 19:30:01.250 appintentsmetadataprocessor[3610:75660] Starting appintentsmetadataprocessor export
2026-04-21 19:30:01.356 appintentsmetadataprocessor[3610:75660] Extracted no relevant App Intents symbols, skipping writing output

RegisterExecutionPolicyException /Users/admin/Library/Developer/Xcode/DerivedData/Group5_RSMS-gzhkuyguosdrpxgudpxvpflcphck/Build/Products/Debug-iphonesimulator/Crypto.o (in target 'Crypto' from project 'swift-crypto')
    cd /Users/admin/Library/Developer/Xcode/DerivedData/Group5_RSMS-gzhkuyguosdrpxgudpxvpflcphck/SourcePackages/checkouts/swift-crypto
    builtin-RegisterExecutionPolicyException /Users/admin/Library/Developer/Xcode/DerivedData/Group5_RSMS-gzhkuyguosdrpxgudpxvpflcphck/Build/Products/Debug-iphonesimulator/Crypto.o

Ld /Users/admin/Library/Developer/Xcode/DerivedData/Group5_RSMS-gzhkuyguosdrpxgudpxvpflcphck/Build/Products/Debug-iphonesimulator/Auth.o normal (in target 'Auth' from project 'Supabase')
    cd /Users/admin/Library/Developer/Xcode/DerivedData/Group5_RSMS-gzhkuyguosdrpxgudpxvpflcphck/SourcePackages/checkouts/supabase-swift
    /Applications/Xcode.app/Contents/Developer/Toolchains/XcodeDefault.xctoolchain/usr/bin/clang -Xlinker -reproducible -target arm64-apple-ios13.0-simulator -r -isysroot /Applications/Xcode.app/Contents/Developer/Platforms/iPhoneSimulator.platform/Developer/SDKs/iPhoneSimulator26.2.sdk -O0 -w -L/Users/admin/Library/Developer/Xcode/DerivedData/Group5_RSMS-gzhkuyguosdrpxgudpxvpflcphck/Build/Intermediates.noindex/EagerLinkingTBDs/Debug-iphonesimulator -L/Users/admin/Library/Developer/Xcode/DerivedData/Group5_RSMS-gzhkuyguosdrpxgudpxvpflcphck/Build/Products/Debug-iphonesimulator -L/Applications/Xcode.app/Contents/Developer/Platforms/iPhoneSimulator.platform/Developer/usr/lib -F/Users/admin/Library/Developer/Xcode/DerivedData/Group5_RSMS-gzhkuyguosdrpxgudpxvpflcphck/Build/Intermediates.noindex/EagerLinkingTBDs/Debug-iphonesimulator -F/Users/admin/Library/Developer/Xcode/DerivedData/Group5_RSMS-gzhkuyguosdrpxgudpxvpflcphck/Build/Products/Debug-iphonesimulator/PackageFrameworks -F/Users/admin/Library/Developer/Xcode/DerivedData/Group5_RSMS-gzhkuyguosdrpxgudpxvpflcphck/Build/Products/Debug-iphonesimulator/PackageFrameworks -F/Users/admin/Library/Developer/Xcode/DerivedData/Group5_RSMS-gzhkuyguosdrpxgudpxvpflcphck/Build/Products/Debug-iphonesimulator/PackageFrameworks -F/Users/admin/Library/Developer/Xcode/DerivedData/Group5_RSMS-gzhkuyguosdrpxgudpxvpflcphck/Build/Products/Debug-iphonesimulator/PackageFrameworks -F/Users/admin/Library/Developer/Xcode/DerivedData/Group5_RSMS-gzhkuyguosdrpxgudpxvpflcphck/Build/Products/Debug-iphonesimulator/PackageFrameworks -F/Users/admin/Library/Developer/Xcode/DerivedData/Group5_RSMS-gzhkuyguosdrpxgudpxvpflcphck/Build/Products/Debug-iphonesimulator/PackageFrameworks -F/Users/admin/Library/Developer/Xcode/DerivedData/Group5_RSMS-gzhkuyguosdrpxgudpxvpflcphck/Build/Products/Debug-iphonesimulator/PackageFrameworks -F/Users/admin/Library/Developer/Xcode/DerivedData/Group5_RSMS-gzhkuyguosdrpxgudpxvpflcphck/Build/Products/Debug-iphonesimulator/PackageFrameworks -F/Users/admin/Library/Developer/Xcode/DerivedData/Group5_RSMS-gzhkuyguosdrpxgudpxvpflcphck/Build/Products/Debug-iphonesimulator -iframework /Applications/Xcode.app/Contents/Developer/Platforms/iPhoneSimulator.platform/Developer/Library/Frameworks -iframework /Applications/Xcode.app/Contents/Developer/Platforms/iPhoneSimulator.platform/Developer/SDKs/iPhoneSimulator26.2.sdk/Developer/Library/Frameworks -filelist /Users/admin/Library/Developer/Xcode/DerivedData/Group5_RSMS-gzhkuyguosdrpxgudpxvpflcphck/Build/Intermediates.noindex/Supabase.build/Debug-iphonesimulator/Auth.build/Objects-normal/arm64/Auth.LinkFileList -nostdlib -Xlinker -object_path_lto -Xlinker /Users/admin/Library/Developer/Xcode/DerivedData/Group5_RSMS-gzhkuyguosdrpxgudpxvpflcphck/Build/Intermediates.noindex/Supabase.build/Debug-iphonesimulator/Auth.build/Objects-normal/arm64/Auth_lto.o -rdynamic -Xlinker -no_deduplicate -Xlinker -objc_abi_version -Xlinker 2 -Xlinker -dependency_info -Xlinker /Users/admin/Library/Developer/Xcode/DerivedData/Group5_RSMS-gzhkuyguosdrpxgudpxvpflcphck/Build/Intermediates.noindex/Supabase.build/Debug-iphonesimulator/Auth.build/Objects-normal/arm64/Auth_dependency_info.dat -fobjc-link-runtime -L/Applications/Xcode.app/Contents/Developer/Toolchains/XcodeDefault.xctoolchain/usr/lib/swift/iphonesimulator -L/usr/lib/swift -Xlinker -add_ast_path -Xlinker /Users/admin/Library/Developer/Xcode/DerivedData/Group5_RSMS-gzhkuyguosdrpxgudpxvpflcphck/Build/Intermediates.noindex/Supabase.build/Debug-iphonesimulator/Auth.build/Objects-normal/arm64/Auth.swiftmodule @/Users/admin/Library/Developer/Xcode/DerivedData/Group5_RSMS-gzhkuyguosdrpxgudpxvpflcphck/Build/Intermediates.noindex/Supabase.build/Debug-iphonesimulator/Auth.build/Objects-normal/arm64/Auth-linker-args.resp -o /Users/admin/Library/Developer/Xcode/DerivedData/Group5_RSMS-gzhkuyguosdrpxgudpxvpflcphck/Build/Products/Debug-iphonesimulator/Auth.o

ExtractAppIntentsMetadata (in target 'Auth' from project 'Supabase')
    cd /Users/admin/Library/Developer/Xcode/DerivedData/Group5_RSMS-gzhkuyguosdrpxgudpxvpflcphck/SourcePackages/checkouts/supabase-swift
    /Applications/Xcode.app/Contents/Developer/Toolchains/XcodeDefault.xctoolchain/usr/bin/appintentsmetadataprocessor --toolchain-dir /Applications/Xcode.app/Contents/Developer/Toolchains/XcodeDefault.xctoolchain --module-name Auth --sdk-root /Applications/Xcode.app/Contents/Developer/Platforms/iPhoneSimulator.platform/Developer/SDKs/iPhoneSimulator26.2.sdk --xcode-version 17C529 --platform-family iOS --deployment-target 13.0 --bundle-identifier supabase-swift.Auth --output /Users/admin/Library/Developer/Xcode/DerivedData/Group5_RSMS-gzhkuyguosdrpxgudpxvpflcphck/Build/Products/Debug-iphonesimulator/Auth.appintents --target-triple arm64-apple-ios13.0-simulator --binary-file /Users/admin/Library/Developer/Xcode/DerivedData/Group5_RSMS-gzhkuyguosdrpxgudpxvpflcphck/Build/Products/Debug-iphonesimulator/Auth.o --dependency-file /Users/admin/Library/Developer/Xcode/DerivedData/Group5_RSMS-gzhkuyguosdrpxgudpxvpflcphck/Build/Intermediates.noindex/Supabase.build/Debug-iphonesimulator/Auth.build/Objects-normal/arm64/Auth_dependency_info.dat --stringsdata-file /Users/admin/Library/Developer/Xcode/DerivedData/Group5_RSMS-gzhkuyguosdrpxgudpxvpflcphck/Build/Intermediates.noindex/Supabase.build/Debug-iphonesimulator/Auth.build/Objects-normal/arm64/ExtractedAppShortcutsMetadata.stringsdata --source-file-list /Users/admin/Library/Developer/Xcode/DerivedData/Group5_RSMS-gzhkuyguosdrpxgudpxvpflcphck/Build/Intermediates.noindex/Supabase.build/Debug-iphonesimulator/Auth.build/Objects-normal/arm64/Auth.SwiftFileList --metadata-file-list /Users/admin/Library/Developer/Xcode/DerivedData/Group5_RSMS-gzhkuyguosdrpxgudpxvpflcphck/Build/Intermediates.noindex/Supabase.build/Debug-iphonesimulator/Auth.build/Auth.DependencyMetadataFileList --static-metadata-file-list /Users/admin/Library/Developer/Xcode/DerivedData/Group5_RSMS-gzhkuyguosdrpxgudpxvpflcphck/Build/Intermediates.noindex/Supabase.build/Debug-iphonesimulator/Auth.build/Auth.DependencyStaticMetadataFileList --swift-const-vals-list /Users/admin/Library/Developer/Xcode/DerivedData/Group5_RSMS-gzhkuyguosdrpxgudpxvpflcphck/Build/Intermediates.noindex/Supabase.build/Debug-iphonesimulator/Auth.build/Objects-normal/arm64/Auth.SwiftConstValuesFileList --force --compile-time-extraction --deployment-aware-processing --validate-assistant-intents --no-app-shortcuts-localization
2026-04-21 19:30:01.429 appintentsmetadataprocessor[3613:75677] Starting appintentsmetadataprocessor export
2026-04-21 19:30:01.522 appintentsmetadataprocessor[3613:75677] Extracted no relevant App Intents symbols, skipping writing output

Ld /Users/admin/Library/Developer/Xcode/DerivedData/Group5_RSMS-gzhkuyguosdrpxgudpxvpflcphck/Build/Products/Debug-iphonesimulator/Storage.o normal (in target 'Storage' from project 'Supabase')
    cd /Users/admin/Library/Developer/Xcode/DerivedData/Group5_RSMS-gzhkuyguosdrpxgudpxvpflcphck/SourcePackages/checkouts/supabase-swift
    /Applications/Xcode.app/Contents/Developer/Toolchains/XcodeDefault.xctoolchain/usr/bin/clang -Xlinker -reproducible -target arm64-apple-ios13.0-simulator -r -isysroot /Applications/Xcode.app/Contents/Developer/Platforms/iPhoneSimulator.platform/Developer/SDKs/iPhoneSimulator26.2.sdk -O0 -w -L/Users/admin/Library/Developer/Xcode/DerivedData/Group5_RSMS-gzhkuyguosdrpxgudpxvpflcphck/Build/Intermediates.noindex/EagerLinkingTBDs/Debug-iphonesimulator -L/Users/admin/Library/Developer/Xcode/DerivedData/Group5_RSMS-gzhkuyguosdrpxgudpxvpflcphck/Build/Products/Debug-iphonesimulator -L/Applications/Xcode.app/Contents/Developer/Platforms/iPhoneSimulator.platform/Developer/usr/lib -F/Users/admin/Library/Developer/Xcode/DerivedData/Group5_RSMS-gzhkuyguosdrpxgudpxvpflcphck/Build/Intermediates.noindex/EagerLinkingTBDs/Debug-iphonesimulator -F/Users/admin/Library/Developer/Xcode/DerivedData/Group5_RSMS-gzhkuyguosdrpxgudpxvpflcphck/Build/Products/Debug-iphonesimulator/PackageFrameworks -F/Users/admin/Library/Developer/Xcode/DerivedData/Group5_RSMS-gzhkuyguosdrpxgudpxvpflcphck/Build/Products/Debug-iphonesimulator/PackageFrameworks -F/Users/admin/Library/Developer/Xcode/DerivedData/Group5_RSMS-gzhkuyguosdrpxgudpxvpflcphck/Build/Products/Debug-iphonesimulator/PackageFrameworks -F/Users/admin/Library/Developer/Xcode/DerivedData/Group5_RSMS-gzhkuyguosdrpxgudpxvpflcphck/Build/Products/Debug-iphonesimulator/PackageFrameworks -F/Users/admin/Library/Developer/Xcode/DerivedData/Group5_RSMS-gzhkuyguosdrpxgudpxvpflcphck/Build/Products/Debug-iphonesimulator/PackageFrameworks -F/Users/admin/Library/Developer/Xcode/DerivedData/Group5_RSMS-gzhkuyguosdrpxgudpxvpflcphck/Build/Products/Debug-iphonesimulator/PackageFrameworks -F/Users/admin/Library/Developer/Xcode/DerivedData/Group5_RSMS-gzhkuyguosdrpxgudpxvpflcphck/Build/Products/Debug-iphonesimulator/PackageFrameworks -F/Users/admin/Library/Developer/Xcode/DerivedData/Group5_RSMS-gzhkuyguosdrpxgudpxvpflcphck/Build/Products/Debug-iphonesimulator -iframework /Applications/Xcode.app/Contents/Developer/Platforms/iPhoneSimulator.platform/Developer/Library/Frameworks -iframework /Applications/Xcode.app/Contents/Developer/Platforms/iPhoneSimulator.platform/Developer/SDKs/iPhoneSimulator26.2.sdk/Developer/Library/Frameworks -filelist /Users/admin/Library/Developer/Xcode/DerivedData/Group5_RSMS-gzhkuyguosdrpxgudpxvpflcphck/Build/Intermediates.noindex/Supabase.build/Debug-iphonesimulator/Storage.build/Objects-normal/arm64/Storage.LinkFileList -nostdlib -Xlinker -object_path_lto -Xlinker /Users/admin/Library/Developer/Xcode/DerivedData/Group5_RSMS-gzhkuyguosdrpxgudpxvpflcphck/Build/Intermediates.noindex/Supabase.build/Debug-iphonesimulator/Storage.build/Objects-normal/arm64/Storage_lto.o -rdynamic -Xlinker -no_deduplicate -Xlinker -objc_abi_version -Xlinker 2 -Xlinker -dependency_info -Xlinker /Users/admin/Library/Developer/Xcode/DerivedData/Group5_RSMS-gzhkuyguosdrpxgudpxvpflcphck/Build/Intermediates.noindex/Supabase.build/Debug-iphonesimulator/Storage.build/Objects-normal/arm64/Storage_dependency_info.dat -fobjc-link-runtime -L/Applications/Xcode.app/Contents/Developer/Toolchains/XcodeDefault.xctoolchain/usr/lib/swift/iphonesimulator -L/usr/lib/swift -Xlinker -add_ast_path -Xlinker /Users/admin/Library/Developer/Xcode/DerivedData/Group5_RSMS-gzhkuyguosdrpxgudpxvpflcphck/Build/Intermediates.noindex/Supabase.build/Debug-iphonesimulator/Storage.build/Objects-normal/arm64/Storage.swiftmodule @/Users/admin/Library/Developer/Xcode/DerivedData/Group5_RSMS-gzhkuyguosdrpxgudpxvpflcphck/Build/Intermediates.noindex/Supabase.build/Debug-iphonesimulator/Storage.build/Objects-normal/arm64/Storage-linker-args.resp -o /Users/admin/Library/Developer/Xcode/DerivedData/Group5_RSMS-gzhkuyguosdrpxgudpxvpflcphck/Build/Products/Debug-iphonesimulator/Storage.o

Ld /Users/admin/Library/Developer/Xcode/DerivedData/Group5_RSMS-gzhkuyguosdrpxgudpxvpflcphck/Build/Products/Debug-iphonesimulator/Functions.o normal (in target 'Functions' from project 'Supabase')
    cd /Users/admin/Library/Developer/Xcode/DerivedData/Group5_RSMS-gzhkuyguosdrpxgudpxvpflcphck/SourcePackages/checkouts/supabase-swift
    /Applications/Xcode.app/Contents/Developer/Toolchains/XcodeDefault.xctoolchain/usr/bin/clang -Xlinker -reproducible -target arm64-apple-ios13.0-simulator -r -isysroot /Applications/Xcode.app/Contents/Developer/Platforms/iPhoneSimulator.platform/Developer/SDKs/iPhoneSimulator26.2.sdk -O0 -w -L/Users/admin/Library/Developer/Xcode/DerivedData/Group5_RSMS-gzhkuyguosdrpxgudpxvpflcphck/Build/Intermediates.noindex/EagerLinkingTBDs/Debug-iphonesimulator -L/Users/admin/Library/Developer/Xcode/DerivedData/Group5_RSMS-gzhkuyguosdrpxgudpxvpflcphck/Build/Products/Debug-iphonesimulator -L/Applications/Xcode.app/Contents/Developer/Platforms/iPhoneSimulator.platform/Developer/usr/lib -F/Users/admin/Library/Developer/Xcode/DerivedData/Group5_RSMS-gzhkuyguosdrpxgudpxvpflcphck/Build/Intermediates.noindex/EagerLinkingTBDs/Debug-iphonesimulator -F/Users/admin/Library/Developer/Xcode/DerivedData/Group5_RSMS-gzhkuyguosdrpxgudpxvpflcphck/Build/Products/Debug-iphonesimulator/PackageFrameworks -F/Users/admin/Library/Developer/Xcode/DerivedData/Group5_RSMS-gzhkuyguosdrpxgudpxvpflcphck/Build/Products/Debug-iphonesimulator/PackageFrameworks -F/Users/admin/Library/Developer/Xcode/DerivedData/Group5_RSMS-gzhkuyguosdrpxgudpxvpflcphck/Build/Products/Debug-iphonesimulator/PackageFrameworks -F/Users/admin/Library/Developer/Xcode/DerivedData/Group5_RSMS-gzhkuyguosdrpxgudpxvpflcphck/Build/Products/Debug-iphonesimulator/PackageFrameworks -F/Users/admin/Library/Developer/Xcode/DerivedData/Group5_RSMS-gzhkuyguosdrpxgudpxvpflcphck/Build/Products/Debug-iphonesimulator/PackageFrameworks -F/Users/admin/Library/Developer/Xcode/DerivedData/Group5_RSMS-gzhkuyguosdrpxgudpxvpflcphck/Build/Products/Debug-iphonesimulator/PackageFrameworks -F/Users/admin/Library/Developer/Xcode/DerivedData/Group5_RSMS-gzhkuyguosdrpxgudpxvpflcphck/Build/Products/Debug-iphonesimulator/PackageFrameworks -F/Users/admin/Library/Developer/Xcode/DerivedData/Group5_RSMS-gzhkuyguosdrpxgudpxvpflcphck/Build/Products/Debug-iphonesimulator -iframework /Applications/Xcode.app/Contents/Developer/Platforms/iPhoneSimulator.platform/Developer/Library/Frameworks -iframework /Applications/Xcode.app/Contents/Developer/Platforms/iPhoneSimulator.platform/Developer/SDKs/iPhoneSimulator26.2.sdk/Developer/Library/Frameworks -filelist /Users/admin/Library/Developer/Xcode/DerivedData/Group5_RSMS-gzhkuyguosdrpxgudpxvpflcphck/Build/Intermediates.noindex/Supabase.build/Debug-iphonesimulator/Functions.build/Objects-normal/arm64/Functions.LinkFileList -nostdlib -Xlinker -object_path_lto -Xlinker /Users/admin/Library/Developer/Xcode/DerivedData/Group5_RSMS-gzhkuyguosdrpxgudpxvpflcphck/Build/Intermediates.noindex/Supabase.build/Debug-iphonesimulator/Functions.build/Objects-normal/arm64/Functions_lto.o -rdynamic -Xlinker -no_deduplicate -Xlinker -objc_abi_version -Xlinker 2 -Xlinker -dependency_info -Xlinker /Users/admin/Library/Developer/Xcode/DerivedData/Group5_RSMS-gzhkuyguosdrpxgudpxvpflcphck/Build/Intermediates.noindex/Supabase.build/Debug-iphonesimulator/Functions.build/Objects-normal/arm64/Functions_dependency_info.dat -fobjc-link-runtime -L/Applications/Xcode.app/Contents/Developer/Toolchains/XcodeDefault.xctoolchain/usr/lib/swift/iphonesimulator -L/usr/lib/swift -Xlinker -add_ast_path -Xlinker /Users/admin/Library/Developer/Xcode/DerivedData/Group5_RSMS-gzhkuyguosdrpxgudpxvpflcphck/Build/Intermediates.noindex/Supabase.build/Debug-iphonesimulator/Functions.build/Objects-normal/arm64/Functions.swiftmodule @/Users/admin/Library/Developer/Xcode/DerivedData/Group5_RSMS-gzhkuyguosdrpxgudpxvpflcphck/Build/Intermediates.noindex/Supabase.build/Debug-iphonesimulator/Functions.build/Objects-normal/arm64/Functions-linker-args.resp -o /Users/admin/Library/Developer/Xcode/DerivedData/Group5_RSMS-gzhkuyguosdrpxgudpxvpflcphck/Build/Products/Debug-iphonesimulator/Functions.o

Ld /Users/admin/Library/Developer/Xcode/DerivedData/Group5_RSMS-gzhkuyguosdrpxgudpxvpflcphck/Build/Products/Debug-iphonesimulator/Realtime.o normal (in target 'Realtime' from project 'Supabase')
    cd /Users/admin/Library/Developer/Xcode/DerivedData/Group5_RSMS-gzhkuyguosdrpxgudpxvpflcphck/SourcePackages/checkouts/supabase-swift
    /Applications/Xcode.app/Contents/Developer/Toolchains/XcodeDefault.xctoolchain/usr/bin/clang -Xlinker -reproducible -target arm64-apple-ios13.0-simulator -r -isysroot /Applications/Xcode.app/Contents/Developer/Platforms/iPhoneSimulator.platform/Developer/SDKs/iPhoneSimulator26.2.sdk -O0 -w -L/Users/admin/Library/Developer/Xcode/DerivedData/Group5_RSMS-gzhkuyguosdrpxgudpxvpflcphck/Build/Intermediates.noindex/EagerLinkingTBDs/Debug-iphonesimulator -L/Users/admin/Library/Developer/Xcode/DerivedData/Group5_RSMS-gzhkuyguosdrpxgudpxvpflcphck/Build/Products/Debug-iphonesimulator -L/Applications/Xcode.app/Contents/Developer/Platforms/iPhoneSimulator.platform/Developer/usr/lib -F/Users/admin/Library/Developer/Xcode/DerivedData/Group5_RSMS-gzhkuyguosdrpxgudpxvpflcphck/Build/Intermediates.noindex/EagerLinkingTBDs/Debug-iphonesimulator -F/Users/admin/Library/Developer/Xcode/DerivedData/Group5_RSMS-gzhkuyguosdrpxgudpxvpflcphck/Build/Products/Debug-iphonesimulator/PackageFrameworks -F/Users/admin/Library/Developer/Xcode/DerivedData/Group5_RSMS-gzhkuyguosdrpxgudpxvpflcphck/Build/Products/Debug-iphonesimulator/PackageFrameworks -F/Users/admin/Library/Developer/Xcode/DerivedData/Group5_RSMS-gzhkuyguosdrpxgudpxvpflcphck/Build/Products/Debug-iphonesimulator/PackageFrameworks -F/Users/admin/Library/Developer/Xcode/DerivedData/Group5_RSMS-gzhkuyguosdrpxgudpxvpflcphck/Build/Products/Debug-iphonesimulator/PackageFrameworks -F/Users/admin/Library/Developer/Xcode/DerivedData/Group5_RSMS-gzhkuyguosdrpxgudpxvpflcphck/Build/Products/Debug-iphonesimulator/PackageFrameworks -F/Users/admin/Library/Developer/Xcode/DerivedData/Group5_RSMS-gzhkuyguosdrpxgudpxvpflcphck/Build/Products/Debug-iphonesimulator/PackageFrameworks -F/Users/admin/Library/Developer/Xcode/DerivedData/Group5_RSMS-gzhkuyguosdrpxgudpxvpflcphck/Build/Products/Debug-iphonesimulator/PackageFrameworks -F/Users/admin/Library/Developer/Xcode/DerivedData/Group5_RSMS-gzhkuyguosdrpxgudpxvpflcphck/Build/Products/Debug-iphonesimulator -iframework /Applications/Xcode.app/Contents/Developer/Platforms/iPhoneSimulator.platform/Developer/Library/Frameworks -iframework /Applications/Xcode.app/Contents/Developer/Platforms/iPhoneSimulator.platform/Developer/SDKs/iPhoneSimulator26.2.sdk/Developer/Library/Frameworks -filelist /Users/admin/Library/Developer/Xcode/DerivedData/Group5_RSMS-gzhkuyguosdrpxgudpxvpflcphck/Build/Intermediates.noindex/Supabase.build/Debug-iphonesimulator/Realtime.build/Objects-normal/arm64/Realtime.LinkFileList -nostdlib -Xlinker -object_path_lto -Xlinker /Users/admin/Library/Developer/Xcode/DerivedData/Group5_RSMS-gzhkuyguosdrpxgudpxvpflcphck/Build/Intermediates.noindex/Supabase.build/Debug-iphonesimulator/Realtime.build/Objects-normal/arm64/Realtime_lto.o -rdynamic -Xlinker -no_deduplicate -Xlinker -objc_abi_version -Xlinker 2 -Xlinker -dependency_info -Xlinker /Users/admin/Library/Developer/Xcode/DerivedData/Group5_RSMS-gzhkuyguosdrpxgudpxvpflcphck/Build/Intermediates.noindex/Supabase.build/Debug-iphonesimulator/Realtime.build/Objects-normal/arm64/Realtime_dependency_info.dat -fobjc-link-runtime -L/Applications/Xcode.app/Contents/Developer/Toolchains/XcodeDefault.xctoolchain/usr/lib/swift/iphonesimulator -L/usr/lib/swift -Xlinker -add_ast_path -Xlinker /Users/admin/Library/Developer/Xcode/DerivedData/Group5_RSMS-gzhkuyguosdrpxgudpxvpflcphck/Build/Intermediates.noindex/Supabase.build/Debug-iphonesimulator/Realtime.build/Objects-normal/arm64/Realtime.swiftmodule @/Users/admin/Library/Developer/Xcode/DerivedData/Group5_RSMS-gzhkuyguosdrpxgudpxvpflcphck/Build/Intermediates.noindex/Supabase.build/Debug-iphonesimulator/Realtime.build/Objects-normal/arm64/Realtime-linker-args.resp -o /Users/admin/Library/Developer/Xcode/DerivedData/Group5_RSMS-gzhkuyguosdrpxgudpxvpflcphck/Build/Products/Debug-iphonesimulator/Realtime.o

Ld /Users/admin/Library/Developer/Xcode/DerivedData/Group5_RSMS-gzhkuyguosdrpxgudpxvpflcphck/Build/Products/Debug-iphonesimulator/PostgREST.o normal (in target 'PostgREST' from project 'Supabase')
    cd /Users/admin/Library/Developer/Xcode/DerivedData/Group5_RSMS-gzhkuyguosdrpxgudpxvpflcphck/SourcePackages/checkouts/supabase-swift
    /Applications/Xcode.app/Contents/Developer/Toolchains/XcodeDefault.xctoolchain/usr/bin/clang -Xlinker -reproducible -target arm64-apple-ios13.0-simulator -r -isysroot /Applications/Xcode.app/Contents/Developer/Platforms/iPhoneSimulator.platform/Developer/SDKs/iPhoneSimulator26.2.sdk -O0 -w -L/Users/admin/Library/Developer/Xcode/DerivedData/Group5_RSMS-gzhkuyguosdrpxgudpxvpflcphck/Build/Intermediates.noindex/EagerLinkingTBDs/Debug-iphonesimulator -L/Users/admin/Library/Developer/Xcode/DerivedData/Group5_RSMS-gzhkuyguosdrpxgudpxvpflcphck/Build/Products/Debug-iphonesimulator -L/Applications/Xcode.app/Contents/Developer/Platforms/iPhoneSimulator.platform/Developer/usr/lib -F/Users/admin/Library/Developer/Xcode/DerivedData/Group5_RSMS-gzhkuyguosdrpxgudpxvpflcphck/Build/Intermediates.noindex/EagerLinkingTBDs/Debug-iphonesimulator -F/Users/admin/Library/Developer/Xcode/DerivedData/Group5_RSMS-gzhkuyguosdrpxgudpxvpflcphck/Build/Products/Debug-iphonesimulator/PackageFrameworks -F/Users/admin/Library/Developer/Xcode/DerivedData/Group5_RSMS-gzhkuyguosdrpxgudpxvpflcphck/Build/Products/Debug-iphonesimulator/PackageFrameworks -F/Users/admin/Library/Developer/Xcode/DerivedData/Group5_RSMS-gzhkuyguosdrpxgudpxvpflcphck/Build/Products/Debug-iphonesimulator/PackageFrameworks -F/Users/admin/Library/Developer/Xcode/DerivedData/Group5_RSMS-gzhkuyguosdrpxgudpxvpflcphck/Build/Products/Debug-iphonesimulator/PackageFrameworks -F/Users/admin/Library/Developer/Xcode/DerivedData/Group5_RSMS-gzhkuyguosdrpxgudpxvpflcphck/Build/Products/Debug-iphonesimulator/PackageFrameworks -F/Users/admin/Library/Developer/Xcode/DerivedData/Group5_RSMS-gzhkuyguosdrpxgudpxvpflcphck/Build/Products/Debug-iphonesimulator/PackageFrameworks -F/Users/admin/Library/Developer/Xcode/DerivedData/Group5_RSMS-gzhkuyguosdrpxgudpxvpflcphck/Build/Products/Debug-iphonesimulator/PackageFrameworks -F/Users/admin/Library/Developer/Xcode/DerivedData/Group5_RSMS-gzhkuyguosdrpxgudpxvpflcphck/Build/Products/Debug-iphonesimulator -iframework /Applications/Xcode.app/Contents/Developer/Platforms/iPhoneSimulator.platform/Developer/Library/Frameworks -iframework /Applications/Xcode.app/Contents/Developer/Platforms/iPhoneSimulator.platform/Developer/SDKs/iPhoneSimulator26.2.sdk/Developer/Library/Frameworks -filelist /Users/admin/Library/Developer/Xcode/DerivedData/Group5_RSMS-gzhkuyguosdrpxgudpxvpflcphck/Build/Intermediates.noindex/Supabase.build/Debug-iphonesimulator/PostgREST.build/Objects-normal/arm64/PostgREST.LinkFileList -nostdlib -Xlinker -object_path_lto -Xlinker /Users/admin/Library/Developer/Xcode/DerivedData/Group5_RSMS-gzhkuyguosdrpxgudpxvpflcphck/Build/Intermediates.noindex/Supabase.build/Debug-iphonesimulator/PostgREST.build/Objects-normal/arm64/PostgREST_lto.o -rdynamic -Xlinker -no_deduplicate -Xlinker -objc_abi_version -Xlinker 2 -Xlinker -dependency_info -Xlinker /Users/admin/Library/Developer/Xcode/DerivedData/Group5_RSMS-gzhkuyguosdrpxgudpxvpflcphck/Build/Intermediates.noindex/Supabase.build/Debug-iphonesimulator/PostgREST.build/Objects-normal/arm64/PostgREST_dependency_info.dat -fobjc-link-runtime -L/Applications/Xcode.app/Contents/Developer/Toolchains/XcodeDefault.xctoolchain/usr/lib/swift/iphonesimulator -L/usr/lib/swift -Xlinker -add_ast_path -Xlinker /Users/admin/Library/Developer/Xcode/DerivedData/Group5_RSMS-gzhkuyguosdrpxgudpxvpflcphck/Build/Intermediates.noindex/Supabase.build/Debug-iphonesimulator/PostgREST.build/Objects-normal/arm64/PostgREST.swiftmodule @/Users/admin/Library/Developer/Xcode/DerivedData/Group5_RSMS-gzhkuyguosdrpxgudpxvpflcphck/Build/Intermediates.noindex/Supabase.build/Debug-iphonesimulator/PostgREST.build/Objects-normal/arm64/PostgREST-linker-args.resp -o /Users/admin/Library/Developer/Xcode/DerivedData/Group5_RSMS-gzhkuyguosdrpxgudpxvpflcphck/Build/Products/Debug-iphonesimulator/PostgREST.o

RegisterExecutionPolicyException /Users/admin/Library/Developer/Xcode/DerivedData/Group5_RSMS-gzhkuyguosdrpxgudpxvpflcphck/Build/Products/Debug-iphonesimulator/Auth.o (in target 'Auth' from project 'Supabase')
    cd /Users/admin/Library/Developer/Xcode/DerivedData/Group5_RSMS-gzhkuyguosdrpxgudpxvpflcphck/SourcePackages/checkouts/supabase-swift
    builtin-RegisterExecutionPolicyException /Users/admin/Library/Developer/Xcode/DerivedData/Group5_RSMS-gzhkuyguosdrpxgudpxvpflcphck/Build/Products/Debug-iphonesimulator/Auth.o

WriteAuxiliaryFile /Users/admin/Library/Developer/Xcode/DerivedData/Group5_RSMS-gzhkuyguosdrpxgudpxvpflcphck/Build/Intermediates.noindex/Group5_RSMS.build/Debug-iphonesimulator/Group5_RSMS.build/Objects-normal/arm64/Group5_RSMS.SwiftFileList (in target 'Group5_RSMS' from project 'Group5_RSMS')
    cd /Users/admin/Desktop/Group5_RSMS
    write-file /Users/admin/Library/Developer/Xcode/DerivedData/Group5_RSMS-gzhkuyguosdrpxgudpxvpflcphck/Build/Intermediates.noindex/Group5_RSMS.build/Debug-iphonesimulator/Group5_RSMS.build/Objects-normal/arm64/Group5_RSMS.SwiftFileList

WriteAuxiliaryFile /Users/admin/Library/Developer/Xcode/DerivedData/Group5_RSMS-gzhkuyguosdrpxgudpxvpflcphck/Build/Intermediates.noindex/Group5_RSMS.build/Debug-iphonesimulator/Group5_RSMS.build/Objects-normal/arm64/Group5_RSMS.SwiftConstValuesFileList (in target 'Group5_RSMS' from project 'Group5_RSMS')
    cd /Users/admin/Desktop/Group5_RSMS
    write-file /Users/admin/Library/Developer/Xcode/DerivedData/Group5_RSMS-gzhkuyguosdrpxgudpxvpflcphck/Build/Intermediates.noindex/Group5_RSMS.build/Debug-iphonesimulator/Group5_RSMS.build/Objects-normal/arm64/Group5_RSMS.SwiftConstValuesFileList

WriteAuxiliaryFile /Users/admin/Library/Developer/Xcode/DerivedData/Group5_RSMS-gzhkuyguosdrpxgudpxvpflcphck/Build/Intermediates.noindex/Group5_RSMS.build/Debug-iphonesimulator/Group5_RSMS.build/Objects-normal/arm64/Group5_RSMS.LinkFileList (in target 'Group5_RSMS' from project 'Group5_RSMS')
    cd /Users/admin/Desktop/Group5_RSMS
    write-file /Users/admin/Library/Developer/Xcode/DerivedData/Group5_RSMS-gzhkuyguosdrpxgudpxvpflcphck/Build/Intermediates.noindex/Group5_RSMS.build/Debug-iphonesimulator/Group5_RSMS.build/Objects-normal/arm64/Group5_RSMS.LinkFileList

ProcessProductPackaging "" /Users/admin/Library/Developer/Xcode/DerivedData/Group5_RSMS-gzhkuyguosdrpxgudpxvpflcphck/Build/Intermediates.noindex/Group5_RSMS.build/Debug-iphonesimulator/Group5_RSMS.build/Group5_RSMS.app-Simulated.xcent (in target 'Group5_RSMS' from project 'Group5_RSMS')
    cd /Users/admin/Desktop/Group5_RSMS
    
    Entitlements:
    
    {
    "application-identifier" = "4S2XNJ3L9Y.com.dhirajbodake.Group5-RSMS";
}
    
    builtin-productPackagingUtility -entitlements -format xml -o /Users/admin/Library/Developer/Xcode/DerivedData/Group5_RSMS-gzhkuyguosdrpxgudpxvpflcphck/Build/Intermediates.noindex/Group5_RSMS.build/Debug-iphonesimulator/Group5_RSMS.build/Group5_RSMS.app-Simulated.xcent

ProcessProductPackagingDER /Users/admin/Library/Developer/Xcode/DerivedData/Group5_RSMS-gzhkuyguosdrpxgudpxvpflcphck/Build/Intermediates.noindex/Group5_RSMS.build/Debug-iphonesimulator/Group5_RSMS.build/Group5_RSMS.app-Simulated.xcent /Users/admin/Library/Developer/Xcode/DerivedData/Group5_RSMS-gzhkuyguosdrpxgudpxvpflcphck/Build/Intermediates.noindex/Group5_RSMS.build/Debug-iphonesimulator/Group5_RSMS.build/Group5_RSMS.app-Simulated.xcent.der (in target 'Group5_RSMS' from project 'Group5_RSMS')
    cd /Users/admin/Desktop/Group5_RSMS
    /usr/bin/derq query -f xml -i /Users/admin/Library/Developer/Xcode/DerivedData/Group5_RSMS-gzhkuyguosdrpxgudpxvpflcphck/Build/Intermediates.noindex/Group5_RSMS.build/Debug-iphonesimulator/Group5_RSMS.build/Group5_RSMS.app-Simulated.xcent -o /Users/admin/Library/Developer/Xcode/DerivedData/Group5_RSMS-gzhkuyguosdrpxgudpxvpflcphck/Build/Intermediates.noindex/Group5_RSMS.build/Debug-iphonesimulator/Group5_RSMS.build/Group5_RSMS.app-Simulated.xcent.der --raw

SwiftDriver Group5_RSMS normal arm64 com.apple.xcode.tools.swift.compiler (in target 'Group5_RSMS' from project 'Group5_RSMS')
    cd /Users/admin/Desktop/Group5_RSMS
    builtin-SwiftDriver -- /Applications/Xcode.app/Contents/Developer/Toolchains/XcodeDefault.xctoolchain/usr/bin/swiftc -module-name Group5_RSMS -Onone -enforce-exclusivity\=checked @/Users/admin/Library/Developer/Xcode/DerivedData/Group5_RSMS-gzhkuyguosdrpxgudpxvpflcphck/Build/Intermediates.noindex/Group5_RSMS.build/Debug-iphonesimulator/Group5_RSMS.build/Objects-normal/arm64/Group5_RSMS.SwiftFileList -DDEBUG -default-isolation\=MainActor -enable-bare-slash-regex -enable-upcoming-feature DisableOutwardActorInference -enable-upcoming-feature InferSendableFromCaptures -enable-upcoming-feature GlobalActorIsolatedTypesUsability -enable-upcoming-feature MemberImportVisibility -enable-upcoming-feature InferIsolatedConformances -enable-upcoming-feature NonisolatedNonsendingByDefault -enable-experimental-feature DebugDescriptionMacro -sdk /Applications/Xcode.app/Contents/Developer/Platforms/iPhoneSimulator.platform/Developer/SDKs/iPhoneSimulator26.2.sdk -target arm64-apple-ios17.6-simulator -g -module-cache-path /Users/admin/Library/Developer/Xcode/DerivedData/ModuleCache.noindex -Xfrontend -serialize-debugging-options -enable-testing -index-store-path /Users/admin/Library/Developer/Xcode/DerivedData/Group5_RSMS-gzhkuyguosdrpxgudpxvpflcphck/Index.noindex/DataStore -Xcc -D_LIBCPP_HARDENING_MODE\=_LIBCPP_HARDENING_MODE_DEBUG -swift-version 5 -I /Users/admin/Library/Developer/Xcode/DerivedData/Group5_RSMS-gzhkuyguosdrpxgudpxvpflcphck/Build/Products/Debug-iphonesimulator -F /Users/admin/Library/Developer/Xcode/DerivedData/Group5_RSMS-gzhkuyguosdrpxgudpxvpflcphck/Build/Products/Debug-iphonesimulator/PackageFrameworks -F /Users/admin/Library/Developer/Xcode/DerivedData/Group5_RSMS-gzhkuyguosdrpxgudpxvpflcphck/Build/Products/Debug-iphonesimulator/PackageFrameworks -F /Users/admin/Library/Developer/Xcode/DerivedData/Group5_RSMS-gzhkuyguosdrpxgudpxvpflcphck/Build/Products/Debug-iphonesimulator/PackageFrameworks -F /Users/admin/Library/Developer/Xcode/DerivedData/Group5_RSMS-gzhkuyguosdrpxgudpxvpflcphck/Build/Products/Debug-iphonesimulator/PackageFrameworks -F /Users/admin/Library/Developer/Xcode/DerivedData/Group5_RSMS-gzhkuyguosdrpxgudpxvpflcphck/Build/Products/Debug-iphonesimulator/PackageFrameworks -F /Users/admin/Library/Developer/Xcode/DerivedData/Group5_RSMS-gzhkuyguosdrpxgudpxvpflcphck/Build/Products/Debug-iphonesimulator/PackageFrameworks -F /Users/admin/Library/Developer/Xcode/DerivedData/Group5_RSMS-gzhkuyguosdrpxgudpxvpflcphck/Build/Products/Debug-iphonesimulator/PackageFrameworks -F /Users/admin/Library/Developer/Xcode/DerivedData/Group5_RSMS-gzhkuyguosdrpxgudpxvpflcphck/Build/Products/Debug-iphonesimulator/PackageFrameworks -F /Users/admin/Library/Developer/Xcode/DerivedData/Group5_RSMS-gzhkuyguosdrpxgudpxvpflcphck/Build/Products/Debug-iphonesimulator/PackageFrameworks -F /Users/admin/Library/Developer/Xcode/DerivedData/Group5_RSMS-gzhkuyguosdrpxgudpxvpflcphck/Build/Products/Debug-iphonesimulator/PackageFrameworks -F /Users/admin/Library/Developer/Xcode/DerivedData/Group5_RSMS-gzhkuyguosdrpxgudpxvpflcphck/Build/Products/Debug-iphonesimulator/PackageFrameworks -F /Users/admin/Library/Developer/Xcode/DerivedData/Group5_RSMS-gzhkuyguosdrpxgudpxvpflcphck/Build/Products/Debug-iphonesimulator/PackageFrameworks -F /Users/admin/Library/Developer/Xcode/DerivedData/Group5_RSMS-gzhkuyguosdrpxgudpxvpflcphck/Build/Products/Debug-iphonesimulator/PackageFrameworks -F /Users/admin/Library/Developer/Xcode/DerivedData/Group5_RSMS-gzhkuyguosdrpxgudpxvpflcphck/Build/Products/Debug-iphonesimulator/PackageFrameworks -F /Users/admin/Library/Developer/Xcode/DerivedData/Group5_RSMS-gzhkuyguosdrpxgudpxvpflcphck/Build/Products/Debug-iphonesimulator -emit-localized-strings -emit-localized-strings-path /Users/admin/Library/Developer/Xcode/DerivedData/Group5_RSMS-gzhkuyguosdrpxgudpxvpflcphck/Build/Intermediates.noindex/Group5_RSMS.build/Debug-iphonesimulator/Group5_RSMS.build/Objects-normal/arm64 -c -j8 -enable-batch-mode -incremental -Xcc -ivfsstatcache -Xcc /Users/admin/Library/Developer/Xcode/DerivedData/SDKStatCaches.noindex/iphonesimulator26.2-23C57-7d00a8b37fbd7999ea79df8ebc024bf0.sdkstatcache -output-file-map /Users/admin/Library/Developer/Xcode/DerivedData/Group5_RSMS-gzhkuyguosdrpxgudpxvpflcphck/Build/Intermediates.noindex/Group5_RSMS.build/Debug-iphonesimulator/Group5_RSMS.build/Objects-normal/arm64/Group5_RSMS-OutputFileMap.json -use-frontend-parseable-output -save-temps -no-color-diagnostics -explicit-module-build -module-cache-path /Users/admin/Library/Developer/Xcode/DerivedData/Group5_RSMS-gzhkuyguosdrpxgudpxvpflcphck/Build/Intermediates.noindex/SwiftExplicitPrecompiledModules -clang-scanner-module-cache-path /Users/admin/Library/Developer/Xcode/DerivedData/ModuleCache.noindex -sdk-module-cache-path /Users/admin/Library/Developer/Xcode/DerivedData/ModuleCache.noindex -serialize-diagnostics -emit-dependencies -emit-module -emit-module-path /Users/admin/Library/Developer/Xcode/DerivedData/Group5_RSMS-gzhkuyguosdrpxgudpxvpflcphck/Build/Intermediates.noindex/Group5_RSMS.build/Debug-iphonesimulator/Group5_RSMS.build/Objects-normal/arm64/Group5_RSMS.swiftmodule -validate-clang-modules-once -clang-build-session-file /Users/admin/Library/Developer/Xcode/DerivedData/ModuleCache.noindex/Session.modulevalidation -Xcc -I/Users/admin/Library/Developer/Xcode/DerivedData/Group5_RSMS-gzhkuyguosdrpxgudpxvpflcphck/Build/Intermediates.noindex/Group5_RSMS.build/Debug-iphonesimulator/Group5_RSMS.build/swift-overrides.hmap -emit-const-values -Xfrontend -const-gather-protocols-file -Xfrontend /Users/admin/Library/Developer/Xcode/DerivedData/Group5_RSMS-gzhkuyguosdrpxgudpxvpflcphck/Build/Intermediates.noindex/Group5_RSMS.build/Debug-iphonesimulator/Group5_RSMS.build/Objects-normal/arm64/Group5_RSMS_const_extract_protocols.json -Xcc -iquote -Xcc /Users/admin/Library/Developer/Xcode/DerivedData/Group5_RSMS-gzhkuyguosdrpxgudpxvpflcphck/Build/Intermediates.noindex/Group5_RSMS.build/Debug-iphonesimulator/Group5_RSMS.build/Group5_RSMS-generated-files.hmap -Xcc -I/Users/admin/Library/Developer/Xcode/DerivedData/Group5_RSMS-gzhkuyguosdrpxgudpxvpflcphck/Build/Intermediates.noindex/Group5_RSMS.build/Debug-iphonesimulator/Group5_RSMS.build/Group5_RSMS-own-target-headers.hmap -Xcc -I/Users/admin/Library/Developer/Xcode/DerivedData/Group5_RSMS-gzhkuyguosdrpxgudpxvpflcphck/Build/Intermediates.noindex/Group5_RSMS.build/Debug-iphonesimulator/Group5_RSMS.build/Group5_RSMS-all-non-framework-target-headers.hmap -Xcc -ivfsoverlay -Xcc /Users/admin/Library/Developer/Xcode/DerivedData/Group5_RSMS-gzhkuyguosdrpxgudpxvpflcphck/Build/Intermediates.noindex/Group5_RSMS.build/Debug-iphonesimulator/Group5_RSMS-3a8a2d219759f9855b13a416a5f19431-VFS-iphonesimulator/all-product-headers.yaml -Xcc -iquote -Xcc /Users/admin/Library/Developer/Xcode/DerivedData/Group5_RSMS-gzhkuyguosdrpxgudpxvpflcphck/Build/Intermediates.noindex/Group5_RSMS.build/Debug-iphonesimulator/Group5_RSMS.build/Group5_RSMS-project-headers.hmap -Xcc -I/Users/admin/Library/Developer/Xcode/DerivedData/Group5_RSMS-gzhkuyguosdrpxgudpxvpflcphck/Build/Products/Debug-iphonesimulator/include -Xcc -I/Users/admin/Library/Developer/Xcode/DerivedData/Group5_RSMS-gzhkuyguosdrpxgudpxvpflcphck/Build/Intermediates.noindex/Group5_RSMS.build/Debug-iphonesimulator/Group5_RSMS.build/DerivedSources-normal/arm64 -Xcc -I/Users/admin/Library/Developer/Xcode/DerivedData/Group5_RSMS-gzhkuyguosdrpxgudpxvpflcphck/Build/Intermediates.noindex/Group5_RSMS.build/Debug-iphonesimulator/Group5_RSMS.build/DerivedSources/arm64 -Xcc -I/Users/admin/Library/Developer/Xcode/DerivedData/Group5_RSMS-gzhkuyguosdrpxgudpxvpflcphck/Build/Intermediates.noindex/Group5_RSMS.build/Debug-iphonesimulator/Group5_RSMS.build/DerivedSources -Xcc -DDEBUG\=1 -emit-objc-header -emit-objc-header-path /Users/admin/Library/Developer/Xcode/DerivedData/Group5_RSMS-gzhkuyguosdrpxgudpxvpflcphck/Build/Intermediates.noindex/Group5_RSMS.build/Debug-iphonesimulator/Group5_RSMS.build/Objects-normal/arm64/Group5_RSMS-Swift.h -working-directory /Users/admin/Desktop/Group5_RSMS -experimental-emit-module-separately -disable-cmo
/Users/admin/Desktop/Group5_RSMS/Group5_RSMS/Views/BoutiqueManager/Inventory/BMInventoryTab.swift:685:1: error: extraneous '}' at top level
}
^
/Users/admin/Desktop/Group5_RSMS/Group5_RSMS/Views/BoutiqueManager/Inventory/BMInventoryViewModel.swift:225:1: error: expected '}' in class

^
/Users/admin/Desktop/Group5_RSMS/Group5_RSMS/Views/BoutiqueManager/Inventory/BMInventoryViewModel.swift:14:52: note: to match this opening '{'
final class BMInventoryViewModel: ObservableObject {
                                                   ^
/Users/admin/Desktop/Group5_RSMS/Group5_RSMS/Views/BoutiqueManager/Inventory/BMInventoryTab.swift:685:1: error: Extraneous '}' at top level
}
^ (in target 'Group5_RSMS' from project 'Group5_RSMS')
/Users/admin/Desktop/Group5_RSMS/Group5_RSMS/Views/BoutiqueManager/Inventory/BMInventoryViewModel.swift:225:1: error: Expected '}' in class

^ (in target 'Group5_RSMS' from project 'Group5_RSMS')
/Users/admin/Desktop/Group5_RSMS/Group5_RSMS/Views/BoutiqueManager/Inventory/BMInventoryViewModel.swift:14:52: note: To match this opening '{'
final class BMInventoryViewModel: ObservableObject {
                                                   ^ (in target 'Group5_RSMS' from project 'Group5_RSMS')

ExtractAppIntentsMetadata (in target 'Functions' from project 'Supabase')
    cd /Users/admin/Library/Developer/Xcode/DerivedData/Group5_RSMS-gzhkuyguosdrpxgudpxvpflcphck/SourcePackages/checkouts/supabase-swift
    /Applications/Xcode.app/Contents/Developer/Toolchains/XcodeDefault.xctoolchain/usr/bin/appintentsmetadataprocessor --toolchain-dir /Applications/Xcode.app/Contents/Developer/Toolchains/XcodeDefault.xctoolchain --module-name Functions --sdk-root /Applications/Xcode.app/Contents/Developer/Platforms/iPhoneSimulator.platform/Developer/SDKs/iPhoneSimulator26.2.sdk --xcode-version 17C529 --platform-family iOS --deployment-target 13.0 --bundle-identifier supabase-swift.Functions --output /Users/admin/Library/Developer/Xcode/DerivedData/Group5_RSMS-gzhkuyguosdrpxgudpxvpflcphck/Build/Products/Debug-iphonesimulator/Functions.appintents --target-triple arm64-apple-ios13.0-simulator --binary-file /Users/admin/Library/Developer/Xcode/DerivedData/Group5_RSMS-gzhkuyguosdrpxgudpxvpflcphck/Build/Products/Debug-iphonesimulator/Functions.o --dependency-file /Users/admin/Library/Developer/Xcode/DerivedData/Group5_RSMS-gzhkuyguosdrpxgudpxvpflcphck/Build/Intermediates.noindex/Supabase.build/Debug-iphonesimulator/Functions.build/Objects-normal/arm64/Functions_dependency_info.dat --stringsdata-file /Users/admin/Library/Developer/Xcode/DerivedData/Group5_RSMS-gzhkuyguosdrpxgudpxvpflcphck/Build/Intermediates.noindex/Supabase.build/Debug-iphonesimulator/Functions.build/Objects-normal/arm64/ExtractedAppShortcutsMetadata.stringsdata --source-file-list /Users/admin/Library/Developer/Xcode/DerivedData/Group5_RSMS-gzhkuyguosdrpxgudpxvpflcphck/Build/Intermediates.noindex/Supabase.build/Debug-iphonesimulator/Functions.build/Objects-normal/arm64/Functions.SwiftFileList --metadata-file-list /Users/admin/Library/Developer/Xcode/DerivedData/Group5_RSMS-gzhkuyguosdrpxgudpxvpflcphck/Build/Intermediates.noindex/Supabase.build/Debug-iphonesimulator/Functions.build/Functions.DependencyMetadataFileList --static-metadata-file-list /Users/admin/Library/Developer/Xcode/DerivedData/Group5_RSMS-gzhkuyguosdrpxgudpxvpflcphck/Build/Intermediates.noindex/Supabase.build/Debug-iphonesimulator/Functions.build/Functions.DependencyStaticMetadataFileList --swift-const-vals-list /Users/admin/Library/Developer/Xcode/DerivedData/Group5_RSMS-gzhkuyguosdrpxgudpxvpflcphck/Build/Intermediates.noindex/Supabase.build/Debug-iphonesimulator/Functions.build/Objects-normal/arm64/Functions.SwiftConstValuesFileList --force --compile-time-extraction --deployment-aware-processing --validate-assistant-intents --no-app-shortcuts-localization
2026-04-21 19:30:01.608 appintentsmetadataprocessor[3623:75728] Starting appintentsmetadataprocessor export
2026-04-21 19:30:01.709 appintentsmetadataprocessor[3623:75728] Extracted no relevant App Intents symbols, skipping writing output

ExtractAppIntentsMetadata (in target 'PostgREST' from project 'Supabase')
    cd /Users/admin/Library/Developer/Xcode/DerivedData/Group5_RSMS-gzhkuyguosdrpxgudpxvpflcphck/SourcePackages/checkouts/supabase-swift
    /Applications/Xcode.app/Contents/Developer/Toolchains/XcodeDefault.xctoolchain/usr/bin/appintentsmetadataprocessor --toolchain-dir /Applications/Xcode.app/Contents/Developer/Toolchains/XcodeDefault.xctoolchain --module-name PostgREST --sdk-root /Applications/Xcode.app/Contents/Developer/Platforms/iPhoneSimulator.platform/Developer/SDKs/iPhoneSimulator26.2.sdk --xcode-version 17C529 --platform-family iOS --deployment-target 13.0 --bundle-identifier supabase-swift.PostgREST --output /Users/admin/Library/Developer/Xcode/DerivedData/Group5_RSMS-gzhkuyguosdrpxgudpxvpflcphck/Build/Products/Debug-iphonesimulator/PostgREST.appintents --target-triple arm64-apple-ios13.0-simulator --binary-file /Users/admin/Library/Developer/Xcode/DerivedData/Group5_RSMS-gzhkuyguosdrpxgudpxvpflcphck/Build/Products/Debug-iphonesimulator/PostgREST.o --dependency-file /Users/admin/Library/Developer/Xcode/DerivedData/Group5_RSMS-gzhkuyguosdrpxgudpxvpflcphck/Build/Intermediates.noindex/Supabase.build/Debug-iphonesimulator/PostgREST.build/Objects-normal/arm64/PostgREST_dependency_info.dat --stringsdata-file /Users/admin/Library/Developer/Xcode/DerivedData/Group5_RSMS-gzhkuyguosdrpxgudpxvpflcphck/Build/Intermediates.noindex/Supabase.build/Debug-iphonesimulator/PostgREST.build/Objects-normal/arm64/ExtractedAppShortcutsMetadata.stringsdata --source-file-list /Users/admin/Library/Developer/Xcode/DerivedData/Group5_RSMS-gzhkuyguosdrpxgudpxvpflcphck/Build/Intermediates.noindex/Supabase.build/Debug-iphonesimulator/PostgREST.build/Objects-normal/arm64/PostgREST.SwiftFileList --metadata-file-list /Users/admin/Library/Developer/Xcode/DerivedData/Group5_RSMS-gzhkuyguosdrpxgudpxvpflcphck/Build/Intermediates.noindex/Supabase.build/Debug-iphonesimulator/PostgREST.build/PostgREST.DependencyMetadataFileList --static-metadata-file-list /Users/admin/Library/Developer/Xcode/DerivedData/Group5_RSMS-gzhkuyguosdrpxgudpxvpflcphck/Build/Intermediates.noindex/Supabase.build/Debug-iphonesimulator/PostgREST.build/PostgREST.DependencyStaticMetadataFileList --swift-const-vals-list /Users/admin/Library/Developer/Xcode/DerivedData/Group5_RSMS-gzhkuyguosdrpxgudpxvpflcphck/Build/Intermediates.noindex/Supabase.build/Debug-iphonesimulator/PostgREST.build/Objects-normal/arm64/PostgREST.SwiftConstValuesFileList --force --compile-time-extraction --deployment-aware-processing --validate-assistant-intents --no-app-shortcuts-localization
2026-04-21 19:30:01.609 appintentsmetadataprocessor[3624:75729] Starting appintentsmetadataprocessor export
2026-04-21 19:30:01.717 appintentsmetadataprocessor[3624:75729] Extracted no relevant App Intents symbols, skipping writing output

ExtractAppIntentsMetadata (in target 'Storage' from project 'Supabase')
    cd /Users/admin/Library/Developer/Xcode/DerivedData/Group5_RSMS-gzhkuyguosdrpxgudpxvpflcphck/SourcePackages/checkouts/supabase-swift
    /Applications/Xcode.app/Contents/Developer/Toolchains/XcodeDefault.xctoolchain/usr/bin/appintentsmetadataprocessor --toolchain-dir /Applications/Xcode.app/Contents/Developer/Toolchains/XcodeDefault.xctoolchain --module-name Storage --sdk-root /Applications/Xcode.app/Contents/Developer/Platforms/iPhoneSimulator.platform/Developer/SDKs/iPhoneSimulator26.2.sdk --xcode-version 17C529 --platform-family iOS --deployment-target 13.0 --bundle-identifier supabase-swift.Storage --output /Users/admin/Library/Developer/Xcode/DerivedData/Group5_RSMS-gzhkuyguosdrpxgudpxvpflcphck/Build/Products/Debug-iphonesimulator/Storage.appintents --target-triple arm64-apple-ios13.0-simulator --binary-file /Users/admin/Library/Developer/Xcode/DerivedData/Group5_RSMS-gzhkuyguosdrpxgudpxvpflcphck/Build/Products/Debug-iphonesimulator/Storage.o --dependency-file /Users/admin/Library/Developer/Xcode/DerivedData/Group5_RSMS-gzhkuyguosdrpxgudpxvpflcphck/Build/Intermediates.noindex/Supabase.build/Debug-iphonesimulator/Storage.build/Objects-normal/arm64/Storage_dependency_info.dat --stringsdata-file /Users/admin/Library/Developer/Xcode/DerivedData/Group5_RSMS-gzhkuyguosdrpxgudpxvpflcphck/Build/Intermediates.noindex/Supabase.build/Debug-iphonesimulator/Storage.build/Objects-normal/arm64/ExtractedAppShortcutsMetadata.stringsdata --source-file-list /Users/admin/Library/Developer/Xcode/DerivedData/Group5_RSMS-gzhkuyguosdrpxgudpxvpflcphck/Build/Intermediates.noindex/Supabase.build/Debug-iphonesimulator/Storage.build/Objects-normal/arm64/Storage.SwiftFileList --metadata-file-list /Users/admin/Library/Developer/Xcode/DerivedData/Group5_RSMS-gzhkuyguosdrpxgudpxvpflcphck/Build/Intermediates.noindex/Supabase.build/Debug-iphonesimulator/Storage.build/Storage.DependencyMetadataFileList --static-metadata-file-list /Users/admin/Library/Developer/Xcode/DerivedData/Group5_RSMS-gzhkuyguosdrpxgudpxvpflcphck/Build/Intermediates.noindex/Supabase.build/Debug-iphonesimulator/Storage.build/Storage.DependencyStaticMetadataFileList --swift-const-vals-list /Users/admin/Library/Developer/Xcode/DerivedData/Group5_RSMS-gzhkuyguosdrpxgudpxvpflcphck/Build/Intermediates.noindex/Supabase.build/Debug-iphonesimulator/Storage.build/Objects-normal/arm64/Storage.SwiftConstValuesFileList --force --compile-time-extraction --deployment-aware-processing --validate-assistant-intents --no-app-shortcuts-localization
2026-04-21 19:30:01.611 appintentsmetadataprocessor[3625:75730] Starting appintentsmetadataprocessor export
2026-04-21 19:30:01.721 appintentsmetadataprocessor[3625:75730] Extracted no relevant App Intents symbols, skipping writing output

ExtractAppIntentsMetadata (in target 'Realtime' from project 'Supabase')
    cd /Users/admin/Library/Developer/Xcode/DerivedData/Group5_RSMS-gzhkuyguosdrpxgudpxvpflcphck/SourcePackages/checkouts/supabase-swift
    /Applications/Xcode.app/Contents/Developer/Toolchains/XcodeDefault.xctoolchain/usr/bin/appintentsmetadataprocessor --toolchain-dir /Applications/Xcode.app/Contents/Developer/Toolchains/XcodeDefault.xctoolchain --module-name Realtime --sdk-root /Applications/Xcode.app/Contents/Developer/Platforms/iPhoneSimulator.platform/Developer/SDKs/iPhoneSimulator26.2.sdk --xcode-version 17C529 --platform-family iOS --deployment-target 13.0 --bundle-identifier supabase-swift.Realtime --output /Users/admin/Library/Developer/Xcode/DerivedData/Group5_RSMS-gzhkuyguosdrpxgudpxvpflcphck/Build/Products/Debug-iphonesimulator/Realtime.appintents --target-triple arm64-apple-ios13.0-simulator --binary-file /Users/admin/Library/Developer/Xcode/DerivedData/Group5_RSMS-gzhkuyguosdrpxgudpxvpflcphck/Build/Products/Debug-iphonesimulator/Realtime.o --dependency-file /Users/admin/Library/Developer/Xcode/DerivedData/Group5_RSMS-gzhkuyguosdrpxgudpxvpflcphck/Build/Intermediates.noindex/Supabase.build/Debug-iphonesimulator/Realtime.build/Objects-normal/arm64/Realtime_dependency_info.dat --stringsdata-file /Users/admin/Library/Developer/Xcode/DerivedData/Group5_RSMS-gzhkuyguosdrpxgudpxvpflcphck/Build/Intermediates.noindex/Supabase.build/Debug-iphonesimulator/Realtime.build/Objects-normal/arm64/ExtractedAppShortcutsMetadata.stringsdata --source-file-list /Users/admin/Library/Developer/Xcode/DerivedData/Group5_RSMS-gzhkuyguosdrpxgudpxvpflcphck/Build/Intermediates.noindex/Supabase.build/Debug-iphonesimulator/Realtime.build/Objects-normal/arm64/Realtime.SwiftFileList --metadata-file-list /Users/admin/Library/Developer/Xcode/DerivedData/Group5_RSMS-gzhkuyguosdrpxgudpxvpflcphck/Build/Intermediates.noindex/Supabase.build/Debug-iphonesimulator/Realtime.build/Realtime.DependencyMetadataFileList --static-metadata-file-list /Users/admin/Library/Developer/Xcode/DerivedData/Group5_RSMS-gzhkuyguosdrpxgudpxvpflcphck/Build/Intermediates.noindex/Supabase.build/Debug-iphonesimulator/Realtime.build/Realtime.DependencyStaticMetadataFileList --swift-const-vals-list /Users/admin/Library/Developer/Xcode/DerivedData/Group5_RSMS-gzhkuyguosdrpxgudpxvpflcphck/Build/Intermediates.noindex/Supabase.build/Debug-iphonesimulator/Realtime.build/Objects-normal/arm64/Realtime.SwiftConstValuesFileList --force --compile-time-extraction --deployment-aware-processing --validate-assistant-intents --no-app-shortcuts-localization
2026-04-21 19:30:01.617 appintentsmetadataprocessor[3626:75731] Starting appintentsmetadataprocessor export
2026-04-21 19:30:01.737 appintentsmetadataprocessor[3626:75731] Extracted no relevant App Intents symbols, skipping writing output

RegisterExecutionPolicyException /Users/admin/Library/Developer/Xcode/DerivedData/Group5_RSMS-gzhkuyguosdrpxgudpxvpflcphck/Build/Products/Debug-iphonesimulator/Functions.o (in target 'Functions' from project 'Supabase')
    cd /Users/admin/Library/Developer/Xcode/DerivedData/Group5_RSMS-gzhkuyguosdrpxgudpxvpflcphck/SourcePackages/checkouts/supabase-swift
    builtin-RegisterExecutionPolicyException /Users/admin/Library/Developer/Xcode/DerivedData/Group5_RSMS-gzhkuyguosdrpxgudpxvpflcphck/Build/Products/Debug-iphonesimulator/Functions.o

RegisterExecutionPolicyException /Users/admin/Library/Developer/Xcode/DerivedData/Group5_RSMS-gzhkuyguosdrpxgudpxvpflcphck/Build/Products/Debug-iphonesimulator/PostgREST.o (in target 'PostgREST' from project 'Supabase')
    cd /Users/admin/Library/Developer/Xcode/DerivedData/Group5_RSMS-gzhkuyguosdrpxgudpxvpflcphck/SourcePackages/checkouts/supabase-swift
    builtin-RegisterExecutionPolicyException /Users/admin/Library/Developer/Xcode/DerivedData/Group5_RSMS-gzhkuyguosdrpxgudpxvpflcphck/Build/Products/Debug-iphonesimulator/PostgREST.o

RegisterExecutionPolicyException /Users/admin/Library/Developer/Xcode/DerivedData/Group5_RSMS-gzhkuyguosdrpxgudpxvpflcphck/Build/Products/Debug-iphonesimulator/Storage.o (in target 'Storage' from project 'Supabase')
    cd /Users/admin/Library/Developer/Xcode/DerivedData/Group5_RSMS-gzhkuyguosdrpxgudpxvpflcphck/SourcePackages/checkouts/supabase-swift
    builtin-RegisterExecutionPolicyException /Users/admin/Library/Developer/Xcode/DerivedData/Group5_RSMS-gzhkuyguosdrpxgudpxvpflcphck/Build/Products/Debug-iphonesimulator/Storage.o

RegisterExecutionPolicyException /Users/admin/Library/Developer/Xcode/DerivedData/Group5_RSMS-gzhkuyguosdrpxgudpxvpflcphck/Build/Products/Debug-iphonesimulator/Realtime.o (in target 'Realtime' from project 'Supabase')
    cd /Users/admin/Library/Developer/Xcode/DerivedData/Group5_RSMS-gzhkuyguosdrpxgudpxvpflcphck/SourcePackages/checkouts/supabase-swift
    builtin-RegisterExecutionPolicyException /Users/admin/Library/Developer/Xcode/DerivedData/Group5_RSMS-gzhkuyguosdrpxgudpxvpflcphck/Build/Products/Debug-iphonesimulator/Realtime.o

Ld /Users/admin/Library/Developer/Xcode/DerivedData/Group5_RSMS-gzhkuyguosdrpxgudpxvpflcphck/Build/Products/Debug-iphonesimulator/Supabase.o normal (in target 'Supabase' from project 'Supabase')
    cd /Users/admin/Library/Developer/Xcode/DerivedData/Group5_RSMS-gzhkuyguosdrpxgudpxvpflcphck/SourcePackages/checkouts/supabase-swift
    /Applications/Xcode.app/Contents/Developer/Toolchains/XcodeDefault.xctoolchain/usr/bin/clang -Xlinker -reproducible -target arm64-apple-ios13.0-simulator -r -isysroot /Applications/Xcode.app/Contents/Developer/Platforms/iPhoneSimulator.platform/Developer/SDKs/iPhoneSimulator26.2.sdk -O0 -w -L/Users/admin/Library/Developer/Xcode/DerivedData/Group5_RSMS-gzhkuyguosdrpxgudpxvpflcphck/Build/Intermediates.noindex/EagerLinkingTBDs/Debug-iphonesimulator -L/Users/admin/Library/Developer/Xcode/DerivedData/Group5_RSMS-gzhkuyguosdrpxgudpxvpflcphck/Build/Products/Debug-iphonesimulator -L/Applications/Xcode.app/Contents/Developer/Platforms/iPhoneSimulator.platform/Developer/usr/lib -F/Users/admin/Library/Developer/Xcode/DerivedData/Group5_RSMS-gzhkuyguosdrpxgudpxvpflcphck/Build/Intermediates.noindex/EagerLinkingTBDs/Debug-iphonesimulator -F/Users/admin/Library/Developer/Xcode/DerivedData/Group5_RSMS-gzhkuyguosdrpxgudpxvpflcphck/Build/Products/Debug-iphonesimulator/PackageFrameworks -F/Users/admin/Library/Developer/Xcode/DerivedData/Group5_RSMS-gzhkuyguosdrpxgudpxvpflcphck/Build/Products/Debug-iphonesimulator/PackageFrameworks -F/Users/admin/Library/Developer/Xcode/DerivedData/Group5_RSMS-gzhkuyguosdrpxgudpxvpflcphck/Build/Products/Debug-iphonesimulator/PackageFrameworks -F/Users/admin/Library/Developer/Xcode/DerivedData/Group5_RSMS-gzhkuyguosdrpxgudpxvpflcphck/Build/Products/Debug-iphonesimulator/PackageFrameworks -F/Users/admin/Library/Developer/Xcode/DerivedData/Group5_RSMS-gzhkuyguosdrpxgudpxvpflcphck/Build/Products/Debug-iphonesimulator/PackageFrameworks -F/Users/admin/Library/Developer/Xcode/DerivedData/Group5_RSMS-gzhkuyguosdrpxgudpxvpflcphck/Build/Products/Debug-iphonesimulator/PackageFrameworks -F/Users/admin/Library/Developer/Xcode/DerivedData/Group5_RSMS-gzhkuyguosdrpxgudpxvpflcphck/Build/Products/Debug-iphonesimulator/PackageFrameworks -F/Users/admin/Library/Developer/Xcode/DerivedData/Group5_RSMS-gzhkuyguosdrpxgudpxvpflcphck/Build/Products/Debug-iphonesimulator/PackageFrameworks -F/Users/admin/Library/Developer/Xcode/DerivedData/Group5_RSMS-gzhkuyguosdrpxgudpxvpflcphck/Build/Products/Debug-iphonesimulator/PackageFrameworks -F/Users/admin/Library/Developer/Xcode/DerivedData/Group5_RSMS-gzhkuyguosdrpxgudpxvpflcphck/Build/Products/Debug-iphonesimulator/PackageFrameworks -F/Users/admin/Library/Developer/Xcode/DerivedData/Group5_RSMS-gzhkuyguosdrpxgudpxvpflcphck/Build/Products/Debug-iphonesimulator/PackageFrameworks -F/Users/admin/Library/Developer/Xcode/DerivedData/Group5_RSMS-gzhkuyguosdrpxgudpxvpflcphck/Build/Products/Debug-iphonesimulator/PackageFrameworks -F/Users/admin/Library/Developer/Xcode/DerivedData/Group5_RSMS-gzhkuyguosdrpxgudpxvpflcphck/Build/Products/Debug-iphonesimulator/PackageFrameworks -F/Users/admin/Library/Developer/Xcode/DerivedData/Group5_RSMS-gzhkuyguosdrpxgudpxvpflcphck/Build/Products/Debug-iphonesimulator -iframework /Applications/Xcode.app/Contents/Developer/Platforms/iPhoneSimulator.platform/Developer/Library/Frameworks -iframework /Applications/Xcode.app/Contents/Developer/Platforms/iPhoneSimulator.platform/Developer/SDKs/iPhoneSimulator26.2.sdk/Developer/Library/Frameworks -filelist /Users/admin/Library/Developer/Xcode/DerivedData/Group5_RSMS-gzhkuyguosdrpxgudpxvpflcphck/Build/Intermediates.noindex/Supabase.build/Debug-iphonesimulator/Supabase.build/Objects-normal/arm64/Supabase.LinkFileList -nostdlib -Xlinker -object_path_lto -Xlinker /Users/admin/Library/Developer/Xcode/DerivedData/Group5_RSMS-gzhkuyguosdrpxgudpxvpflcphck/Build/Intermediates.noindex/Supabase.build/Debug-iphonesimulator/Supabase.build/Objects-normal/arm64/Supabase_lto.o -rdynamic -Xlinker -no_deduplicate -Xlinker -objc_abi_version -Xlinker 2 -Xlinker -dependency_info -Xlinker /Users/admin/Library/Developer/Xcode/DerivedData/Group5_RSMS-gzhkuyguosdrpxgudpxvpflcphck/Build/Intermediates.noindex/Supabase.build/Debug-iphonesimulator/Supabase.build/Objects-normal/arm64/Supabase_dependency_info.dat -fobjc-link-runtime -L/Applications/Xcode.app/Contents/Developer/Toolchains/XcodeDefault.xctoolchain/usr/lib/swift/iphonesimulator -L/usr/lib/swift -Xlinker -add_ast_path -Xlinker /Users/admin/Library/Developer/Xcode/DerivedData/Group5_RSMS-gzhkuyguosdrpxgudpxvpflcphck/Build/Intermediates.noindex/Supabase.build/Debug-iphonesimulator/Supabase.build/Objects-normal/arm64/Supabase.swiftmodule @/Users/admin/Library/Developer/Xcode/DerivedData/Group5_RSMS-gzhkuyguosdrpxgudpxvpflcphck/Build/Intermediates.noindex/Supabase.build/Debug-iphonesimulator/Supabase.build/Objects-normal/arm64/Supabase-linker-args.resp -o /Users/admin/Library/Developer/Xcode/DerivedData/Group5_RSMS-gzhkuyguosdrpxgudpxvpflcphck/Build/Products/Debug-iphonesimulator/Supabase.o

ExtractAppIntentsMetadata (in target 'Supabase' from project 'Supabase')
    cd /Users/admin/Library/Developer/Xcode/DerivedData/Group5_RSMS-gzhkuyguosdrpxgudpxvpflcphck/SourcePackages/checkouts/supabase-swift
    /Applications/Xcode.app/Contents/Developer/Toolchains/XcodeDefault.xctoolchain/usr/bin/appintentsmetadataprocessor --toolchain-dir /Applications/Xcode.app/Contents/Developer/Toolchains/XcodeDefault.xctoolchain --module-name Supabase --sdk-root /Applications/Xcode.app/Contents/Developer/Platforms/iPhoneSimulator.platform/Developer/SDKs/iPhoneSimulator26.2.sdk --xcode-version 17C529 --platform-family iOS --deployment-target 13.0 --bundle-identifier supabase-swift.Supabase --output /Users/admin/Library/Developer/Xcode/DerivedData/Group5_RSMS-gzhkuyguosdrpxgudpxvpflcphck/Build/Products/Debug-iphonesimulator/Supabase.appintents --target-triple arm64-apple-ios13.0-simulator --binary-file /Users/admin/Library/Developer/Xcode/DerivedData/Group5_RSMS-gzhkuyguosdrpxgudpxvpflcphck/Build/Products/Debug-iphonesimulator/Supabase.o --dependency-file /Users/admin/Library/Developer/Xcode/DerivedData/Group5_RSMS-gzhkuyguosdrpxgudpxvpflcphck/Build/Intermediates.noindex/Supabase.build/Debug-iphonesimulator/Supabase.build/Objects-normal/arm64/Supabase_dependency_info.dat --stringsdata-file /Users/admin/Library/Developer/Xcode/DerivedData/Group5_RSMS-gzhkuyguosdrpxgudpxvpflcphck/Build/Intermediates.noindex/Supabase.build/Debug-iphonesimulator/Supabase.build/Objects-normal/arm64/ExtractedAppShortcutsMetadata.stringsdata --source-file-list /Users/admin/Library/Developer/Xcode/DerivedData/Group5_RSMS-gzhkuyguosdrpxgudpxvpflcphck/Build/Intermediates.noindex/Supabase.build/Debug-iphonesimulator/Supabase.build/Objects-normal/arm64/Supabase.SwiftFileList --metadata-file-list /Users/admin/Library/Developer/Xcode/DerivedData/Group5_RSMS-gzhkuyguosdrpxgudpxvpflcphck/Build/Intermediates.noindex/Supabase.build/Debug-iphonesimulator/Supabase.build/Supabase.DependencyMetadataFileList --static-metadata-file-list /Users/admin/Library/Developer/Xcode/DerivedData/Group5_RSMS-gzhkuyguosdrpxgudpxvpflcphck/Build/Intermediates.noindex/Supabase.build/Debug-iphonesimulator/Supabase.build/Supabase.DependencyStaticMetadataFileList --swift-const-vals-list /Users/admin/Library/Developer/Xcode/DerivedData/Group5_RSMS-gzhkuyguosdrpxgudpxvpflcphck/Build/Intermediates.noindex/Supabase.build/Debug-iphonesimulator/Supabase.build/Objects-normal/arm64/Supabase.SwiftConstValuesFileList --force --compile-time-extraction --deployment-aware-processing --validate-assistant-intents --no-app-shortcuts-localization
2026-04-21 19:30:01.803 appintentsmetadataprocessor[3629:75753] Starting appintentsmetadataprocessor export
2026-04-21 19:30:01.969 appintentsmetadataprocessor[3629:75753] Extracted no relevant App Intents symbols, skipping writing output

RegisterExecutionPolicyException /Users/admin/Library/Developer/Xcode/DerivedData/Group5_RSMS-gzhkuyguosdrpxgudpxvpflcphck/Build/Products/Debug-iphonesimulator/Supabase.o (in target 'Supabase' from project 'Supabase')
    cd /Users/admin/Library/Developer/Xcode/DerivedData/Group5_RSMS-gzhkuyguosdrpxgudpxvpflcphck/SourcePackages/checkouts/supabase-swift
    builtin-RegisterExecutionPolicyException /Users/admin/Library/Developer/Xcode/DerivedData/Group5_RSMS-gzhkuyguosdrpxgudpxvpflcphck/Build/Products/Debug-iphonesimulator/Supabase.o

ProcessInfoPlistFile /Users/admin/Library/Developer/Xcode/DerivedData/Group5_RSMS-gzhkuyguosdrpxgudpxvpflcphck/Build/Products/Debug-iphonesimulator/Group5_RSMS.app/Info.plist /Users/admin/Library/Developer/Xcode/DerivedData/Group5_RSMS-gzhkuyguosdrpxgudpxvpflcphck/Build/Intermediates.noindex/Group5_RSMS.build/Debug-iphonesimulator/Group5_RSMS.build/empty-Group5_RSMS.plist (in target 'Group5_RSMS' from project 'Group5_RSMS')
    cd /Users/admin/Desktop/Group5_RSMS
    builtin-infoPlistUtility /Users/admin/Library/Developer/Xcode/DerivedData/Group5_RSMS-gzhkuyguosdrpxgudpxvpflcphck/Build/Intermediates.noindex/Group5_RSMS.build/Debug-iphonesimulator/Group5_RSMS.build/empty-Group5_RSMS.plist -producttype com.apple.product-type.application -genpkginfo /Users/admin/Library/Developer/Xcode/DerivedData/Group5_RSMS-gzhkuyguosdrpxgudpxvpflcphck/Build/Products/Debug-iphonesimulator/Group5_RSMS.app/PkgInfo -expandbuildsettings -format binary -platform iphonesimulator -additionalcontentfile /Users/admin/Library/Developer/Xcode/DerivedData/Group5_RSMS-gzhkuyguosdrpxgudpxvpflcphck/Build/Intermediates.noindex/Group5_RSMS.build/Debug-iphonesimulator/Group5_RSMS.build/assetcatalog_generated_info.plist -scanforprivacyfile /Users/admin/Library/Developer/Xcode/DerivedData/Group5_RSMS-gzhkuyguosdrpxgudpxvpflcphck/Build/Products/Debug-iphonesimulator/Group5_RSMS.app/swift-crypto_Crypto.bundle -o /Users/admin/Library/Developer/Xcode/DerivedData/Group5_RSMS-gzhkuyguosdrpxgudpxvpflcphck/Build/Products/Debug-iphonesimulator/Group5_RSMS.app/Info.plist

Ld /Users/admin/Library/Developer/Xcode/DerivedData/Group5_RSMS-gzhkuyguosdrpxgudpxvpflcphck/Build/Products/Debug-iphonesimulator/Group5_RSMS.app/__preview.dylib normal (in target 'Group5_RSMS' from project 'Group5_RSMS')
    cd /Users/admin/Desktop/Group5_RSMS
    /Applications/Xcode.app/Contents/Developer/Toolchains/XcodeDefault.xctoolchain/usr/bin/clang -Xlinker -reproducible -target arm64-apple-ios17.6-simulator -dynamiclib -isysroot /Applications/Xcode.app/Contents/Developer/Platforms/iPhoneSimulator.platform/Developer/SDKs/iPhoneSimulator26.2.sdk -O0 -L/Users/admin/Library/Developer/Xcode/DerivedData/Group5_RSMS-gzhkuyguosdrpxgudpxvpflcphck/Build/Products/Debug-iphonesimulator -F/Users/admin/Library/Developer/Xcode/DerivedData/Group5_RSMS-gzhkuyguosdrpxgudpxvpflcphck/Build/Products/Debug-iphonesimulator/PackageFrameworks -F/Users/admin/Library/Developer/Xcode/DerivedData/Group5_RSMS-gzhkuyguosdrpxgudpxvpflcphck/Build/Products/Debug-iphonesimulator/PackageFrameworks -F/Users/admin/Library/Developer/Xcode/DerivedData/Group5_RSMS-gzhkuyguosdrpxgudpxvpflcphck/Build/Products/Debug-iphonesimulator/PackageFrameworks -F/Users/admin/Library/Developer/Xcode/DerivedData/Group5_RSMS-gzhkuyguosdrpxgudpxvpflcphck/Build/Products/Debug-iphonesimulator/PackageFrameworks -F/Users/admin/Library/Developer/Xcode/DerivedData/Group5_RSMS-gzhkuyguosdrpxgudpxvpflcphck/Build/Products/Debug-iphonesimulator/PackageFrameworks -F/Users/admin/Library/Developer/Xcode/DerivedData/Group5_RSMS-gzhkuyguosdrpxgudpxvpflcphck/Build/Products/Debug-iphonesimulator/PackageFrameworks -F/Users/admin/Library/Developer/Xcode/DerivedData/Group5_RSMS-gzhkuyguosdrpxgudpxvpflcphck/Build/Products/Debug-iphonesimulator/PackageFrameworks -F/Users/admin/Library/Developer/Xcode/DerivedData/Group5_RSMS-gzhkuyguosdrpxgudpxvpflcphck/Build/Products/Debug-iphonesimulator/PackageFrameworks -F/Users/admin/Library/Developer/Xcode/DerivedData/Group5_RSMS-gzhkuyguosdrpxgudpxvpflcphck/Build/Products/Debug-iphonesimulator/PackageFrameworks -F/Users/admin/Library/Developer/Xcode/DerivedData/Group5_RSMS-gzhkuyguosdrpxgudpxvpflcphck/Build/Products/Debug-iphonesimulator/PackageFrameworks -F/Users/admin/Library/Developer/Xcode/DerivedData/Group5_RSMS-gzhkuyguosdrpxgudpxvpflcphck/Build/Products/Debug-iphonesimulator/PackageFrameworks -F/Users/admin/Library/Developer/Xcode/DerivedData/Group5_RSMS-gzhkuyguosdrpxgudpxvpflcphck/Build/Products/Debug-iphonesimulator/PackageFrameworks -F/Users/admin/Library/Developer/Xcode/DerivedData/Group5_RSMS-gzhkuyguosdrpxgudpxvpflcphck/Build/Products/Debug-iphonesimulator/PackageFrameworks -F/Users/admin/Library/Developer/Xcode/DerivedData/Group5_RSMS-gzhkuyguosdrpxgudpxvpflcphck/Build/Products/Debug-iphonesimulator/PackageFrameworks -F/Users/admin/Library/Developer/Xcode/DerivedData/Group5_RSMS-gzhkuyguosdrpxgudpxvpflcphck/Build/Products/Debug-iphonesimulator -install_name @rpath/Group5_RSMS.debug.dylib -dead_strip -rdynamic -Xlinker -no_deduplicate -Xlinker -objc_abi_version -Xlinker 2 -Xlinker -dependency_info -Xlinker /Users/admin/Library/Developer/Xcode/DerivedData/Group5_RSMS-gzhkuyguosdrpxgudpxvpflcphck/Build/Intermediates.noindex/Group5_RSMS.build/Debug-iphonesimulator/Group5_RSMS.build/Objects-normal/arm64/Group5_RSMS_dependency_info.dat -Xlinker -sectcreate -Xlinker __TEXT -Xlinker __entitlements -Xlinker /Users/admin/Library/Developer/Xcode/DerivedData/Group5_RSMS-gzhkuyguosdrpxgudpxvpflcphck/Build/Intermediates.noindex/Group5_RSMS.build/Debug-iphonesimulator/Group5_RSMS.build/Group5_RSMS.app-Simulated.xcent -Xlinker -sectcreate -Xlinker __TEXT -Xlinker __ents_der -Xlinker /Users/admin/Library/Developer/Xcode/DerivedData/Group5_RSMS-gzhkuyguosdrpxgudpxvpflcphck/Build/Intermediates.noindex/Group5_RSMS.build/Debug-iphonesimulator/Group5_RSMS.build/Group5_RSMS.app-Simulated.xcent.der -Xlinker -no_adhoc_codesign -o /Users/admin/Library/Developer/Xcode/DerivedData/Group5_RSMS-gzhkuyguosdrpxgudpxvpflcphck/Build/Products/Debug-iphonesimulator/Group5_RSMS.app/__preview.dylib

note: Disabling hardened runtime with ad-hoc codesigning. (in target 'Group5_RSMS' from project 'Group5_RSMS')
** BUILD FAILED **


The following build commands failed:
	SwiftDriver Group5_RSMS normal arm64 com.apple.xcode.tools.swift.compiler (in target 'Group5_RSMS' from project 'Group5_RSMS')
	Building project Group5_RSMS with scheme Group5_RSMS
(2 failures)
